name,id,designation,tech/manufacturer,system id,fleet pts,hitpoints,armor rating,max flux,8/6/5/4%,flux dissipation,ordnance points,fighter bays,max speed,acceleration,deceleration,max turn rate,turn acceleration,mass,shield type,defense id,shield arc,shield upkeep,shield efficiency,phase cost,phase upkeep,min crew,max crew,cargo,fuel,fuel/ly,range,max burn,base value,cr %/day,CR to deploy,peak CR sec,CR loss/sec,supplies/rec,supplies/mo,c/s,c/f,f/s,f/f,crew/s,crew/f,hints,tags,rarity,breakProb,minPieces,maxPieces,travel drive,number
#CAPITALS,,,,,,,,,,,,,,,,,,,,,,,,,,,,,,,,,,,,,,,,,,,,,,,,,,,,,
,,,,,,,,,,,,,,,,,,,,,,,,,,,,,,,,,,,,,,,,,,,,,,,,,,,,,
Fregairt,ork_dreadnotv2,Dreadnought,Bultach Coalition,burndrive,35,25000,1900,19000,15000,900,375,,28,12,8,4,4,6000,FRONT,,110,0.4,1,,,825,1650,350,450,17,26,7,370000,3,20,720,0.15,50,50,,,,,,,,rare_bp,.85,.5,3,5,,
Nadhmòr,ork_battlecruiser,Battlecruiser,Bultach Coalition,bt_engine_burn,25,13500,1250,15500,30000,700,280,,65,35,25,12,13,2500,OMNI,,100,0.3,1.1,,,450,850,225,250,12,32,8,360000,3,15,680,0.25,45,45,,,,,,,,rare_bp,.75,0.5,2,4,,503
Daiche,ork_bigscrap,Battle Carrier,Bultach Coalition,bt_yoinker,24,15500,1600,14000,11250,575,255,2,30,18,10,8,6,2500,FRONT,,100,0.4,1,,,400,900,260,300,14,29,7,250000,2,20,720,0.25,36,36,,,,,,,,rare_bp,,0.75,3,5,,506.5
,,,,,,,,,,,,,,,,,,,,,,,,,,,,,,,,,,,,,,,,,,,,,,,,,,,,,
,,,,,,,,,,,,,,,,,,,,,,,,,,,,,,,,,,,,,,,,,,,,,,,,,,,,,
#CRUISERS,,,,,,,,,,,,,,,,,,,,,,,,,,,,,,,,,,,,,,,,,,,,,,,,,,,,,
,,,,,,,,,,,,,,,,,,,,,,,,,,,,,,,,,,,,,,,,,,,,,,,,,,,,,
Ramala,ork_vencha,Battle Carrier,Bultach Coalition,bt_yoinker,12,10000,1050,6000,6000,275,150,2,40,25,10,12,6,1500,FRONT,,130,0.4,1,,,130,225,140,120,4,30,8,80000,5,10,480,0.25,18,18,,,,,,,,"rare_bp, ork_project_bp",,0.4,2,3,,
Mèinneadh,ork_mining,Cruiser,Bultach Coalition,reservewing,9,5500,600,4500,6000,200,115,2,40,15,10,12,6,1500,OMNI,,120,0.4,1.1,,,100,150,300,140,3,33,7,70000,5,10,480,0.25,14,14,,,,,,,,"base_bp, merc, ork_project_bp",,0.4,2,3,,402
Daignich,ork_tail,Cruiser,Bultach Coalition,bt_healerdem_system,14,10000,850,11000,10000,350,165,,50,25,12,18,14,2250,FRONT,,200,0.4,0.9,,,150,225,150,150,5,33,8,145000,4,12,480,0.25,22,22,,,,,,,,ork_project_bp,,0.4,2,3,,404
Dhaich,ork_bigracer,Assault Cruiser,Bultach Coalition,bt_offensive_overdrive,15,6500,675,7000,8000,400,165,,70,65,45,18,23,650,FRONT,,200,0.2,1,,,90,145,120,100,3,33,8,130000,4,12,400,0.25,24,24,,,,,,,,"rare_bp, ork_project_bp",.75,0.5,2,3,,400
Aghaidh,ork_crusher,Heavy Cruiser,Bultach Coalition,ammofeed,15,14000,1450,10500,10000,400,180,,45,20,10,15,12,2250,FRONT,,150,0.4,1,,,160,200,145,100,5,30,8,125000,4,12,480,0.25,25,25,,,,,,,,ork_project_bp,,0.4,2,3,,404
Striopach,ork_faster,Fast Cruiser,Bultach Coalition,bt_engine_burn,13,9000,900,8000,15000,435,165,,75,48,20,40,18,1500,OMNI,,140,0.4,1,,,150,200,130,100,4,30,8,90000,3,8,480,0.25,20,20,,,,,,,,"rare_bp, ork_project_bp",,0.4,3,5,,
Mòran,ork_thrasher,Ramming Cruiser,Bultach Coalition,rammingdrive,14,9600,950,9500,10000,350,140,,55,30,15,20,16,2250,PHASE,canister_flak,,,,,,150,190,145,100,5,30,8,105000,4,12,480,0.25,19,19,,,,,,,SHIP_WITH_MODULES,ork_project_bp,,0.1,1,3,,404
Aithris,ork_aithris,Phase Cruiser,Bultach Coalition,ammofeed,20,10000,1200,9500,12000,650,165,,60,50,45,20,15,1400,PHASE,bt_fac_phasecloak,,,,0.09,0.07,130,200,110,80,3,35,8,150000,5,20,480,0.25,32,32,,,,,,,PHASE,ork_project_bp,,0.6,3,4,,
,,,,,,,,,,,,,,,,,,,,,,,,,,,,,,,,,,,,,,,,,,,,,,,,,,,,,
,,,,,,,,,,,,,,,,,,,,,,,,,,,,,,,,,,,,,,,,,,,,,,,,,,,,,
#DESTROYERS,,,,,,,,,,,,,,,,,,,,,,,,,,,,,,,,,,,,,,,,,,,,,,,,,,,,,
,,,,,,,,,,,,,,,,,,,,,,,,,,,,,,,,,,,,,,,,,,,,,,,,,,,,,
Cruinn,ork_hammah,Destroyer,Bultach Coalition,damper,10,7000,950,4000,3333,200,100,,60,35,18,28,18,750,FRONT,,120,0.3,1,,,80,120,100,90,3,35,9,37000,5,12,440,0.25,12,12,,,,,,,,"rare_bp, ork_project_bp",,0.3,3,5,,
Smàladair,ork_smasha,Ramming Destroyer,Bultach Coalition,rammingdrive,10,6500,500,5450,1875,180,75,,90,40,10,30,20,1250,PHASE,canister_flak,,,,,,50,90,90,50,2,30,9,35000,8,10,380,0.25,10,10,8,50,,,,,SHIP_WITH_MODULES,"rare_bp, ork_project_bp",,0.4,2,2,,
Buail,ork_mech,Destroyer,Low Tech,ammofeed,12,6000,800,4700,3333,250,55,,95,35,20,30,20,650,PHASE,damper,,,,,,60,100,90,90,3,30,9,38000,5,12,380,0.25,9,9,,,,,,,,"rare_bp, ork_project_bp",,0.4,2,3,,303
Fithea,ork_prong,Destroyer,Bultach Coalition,bt_engine_burn_small,10,6000,750,4000,3333,200,90,,75,45,22,35,23,500,OMNI,,200,0.4,1,,,60,100,90,90,3,30,9,38000,5,12,380,0.25,9,9,,,,,,,,ork_project_bp,,0.4,2,3,,303
Snàthad,ork_bees,Light Carrier,Bultach Coalition,damper,11,4500,375,2500,2833,150,60,2,55,35,15,25,20,400,FRONT,,150,0.4,1,,,55,120,90,70,2,35,9,36000,4,8,380,0.25,10,10,28,125,,,,,,ork_project_bp,,0.6,2,3,,305
Luath,ork_speeder,Assault Destroyer,Bultach Coalition,bt_offensive_overdrive,11,5450,400,3750,1875,250,85,,105,60,40,45,30,800,FRONT,,120,.4,0.9,,,75,105,120,80,2,30,10,43000,8,8,300,0.25,10,10,8,50,,,,,,"rare_bp, ork_project_bp",.75,0.4,2,2,,
Roimhe,ork_old,Destroyer,Low Tech,maneuveringjets,9,5600,775,3250,2500,225,85,,65,40,20,20,15,500,OMNI,,120,0.4,1,,,50,100,100,80,2,40,9,30000,5,10,420,0.25,10,10,36,125,,,,,,"rare_bp, ork_project_bp",,0.5,2,3,,310
Plàigh,ork_interdictor,Phase Interdictor,Bultach Coalition,bt_antiphase_energy_lash,10,4600,375,4350,17000,175,75,,65,45,35,25,20,700,FRONT,,200,0.4,0.9,,,80,135,80,80,2,35,9,35000,3,8,360,0.25,12,12,,,,,,,,"rare_bp, ork_project_bp",,0.6,3,5,,
,,,,,,,,,,,,,,,,,,,,,,,,,,,,,,,,,,,,,,,,,,,,,,,,,,,,,
,,,,,,,,,,,,,,,,,,,,,,,,,,,,,,,,,,,,,,,,,,,,,,,,,,,,,
#FRIGATES,,,,,,,,,,,,,,,,,,,,,,,,,,,,,,,,,,,,,,,,,,,,,,,,,,,,,
,,,,,,,,,,,,,,,,,,,,,,,,,,,,,,,,,,,,,,,,,,,,,,,,,,,,,
Dreach,ork_grot,Ramming Frigate,Bultach Coalition,rammingdrive,6,2750,300,1950,1875,130,55,,110,55,20,35,25,800,PHASE,canister_flak,,,,,,35,95,50,30,1,35,10,9000,8,8,300,0.25,7,7,8,50,,,,,SHIP_WITH_MODULES,"rare_bp, ork_project_bp",,0.4,2,2,,
Sgoinneil,ork_scrimb,Frigate,Bultach Coalition,ammofeed,5,1300,200,2100,1750,200,65,,120,100,90,60,80,200,FRONT,,200,0.4,1.1,,,25,50,40,25,1,25,10,8000,8,10,300,0.25,5,5,,,,,,,,ork_project_bp,,0.4,2,2,,204
Madach,ork_bastard,Carrier,Bultach Coalition,damper,8,1400,200,1100,1875,65,38,1,65,90,100,50,70,300,FRONT,,110,0.4,1,,,30,50,50,30,1,30,10,7000,8,10,300,0.25,7,7,8,50,,,,,CARRIER,ork_project_bp,,0.4,2,2,,201.5
Ghean,ork_racer,Assault Frigate,Bultach Coalition,bt_offensive_overdrive,5,1750,250,1800,1650,140,50,,140,120,100,60,90,300,FRONT,,220,0.4,0.9,,,30,50,50,30,1,30,10,12000,8,10,180,0.25,6,6,8,50,,,,,,ork_project_bp,0.75,0.4,2,2,,201.5
Gath,ork_skrunkly,Frigate,Bultach Coalition,bt_engine_burn_small,6,2000,400,2200,1875,150,55,,115,120,100,50,90,300,FRONT,,90,0.4,1,,,30,50,50,30,1,30,10,8000,8,10,300,0.25,4,4,8,50,,,,,,ork_project_bp,,0.4,2,2,,201.5
,,,,,,,,,,,,,,,,,,,,,,,,,,,,,,,,,,,,,,,,,,,,,,,,,,,,,
,,,,,,,,,,,,,,,,,,,,,,,,,,,,,,,,,,,,,,,,,,,,,,,,,,,,,
#GESTALT,,,,,,,,,,,,,,,,,,,,,,,,,,,,,,,,,,,,,,,,,,,,,,,,,,,,,
,,,,,,,,,,,,,,,,,,,,,,,,,,,,,,,,,,,,,,,,,,,,,,,,,,,,,
Feregether,ork_feregether,Dreadnought,Gestalt,bt_convergence_swarm,45,27500,1850,26500,15000,1500,490,4,36,22,18,7,8,6000,OMNI,,220,0.4,0.7,,,,,350,450,17,25,8,1000000,3,20,1000,0.15,70,70,,,,,,,UNBOARDABLE,"restricted, gestalt, codex_unlockable,",,0,,,,
Freiceadan,ork_freiceadan,Battlecruiser,Gestalt,bultach_dash_angry,25,16000,1500,18000,25000,1000,300,2,75,45,30,12,14,3000,OMNI,,160,0.4,0.6,,,0,0,150,300,10,30,9,550000,3,15,800,0.25,40,40,,,,,,,UNBOARDABLE,"gestalt, auto_rec, codex_unlockable, automated, no_sell, no_dealer",,0,,,,
,,,,,,,,,,,,,,,,,,,,,,,,,,,,,,,,,,,,,,,,,,,,,,,,,,,,,
Sgoltadh,ork_sgoltadh,Siege Cruiser,Gestalt,bultach_dash,16,8000,900,10000,12000,600,100,,60,25,30,20,25,2000,OMNI,,270,0.4,0.6,,,0,0,120,90,3,30,9,140000,5,15,700,0.25,25,25,,,,,,,UNBOARDABLE,"gestalt, auto_rec, codex_unlockable, automated, no_sell, no_dealer",,0,,,,413
Ceartas,ork_ceartas,Light Cruiser,Gestalt,bultach_dash,16,8500,900,10000,12000,675,165,2,85,45,25,30,25,1400,OMNI,,270,0.3,0.6,,,0,0,120,90,3,30,9,140000,5,15,700,0.25,25,25,,,,,,,UNBOARDABLE,"gestalt, auto_rec, codex_unlockable, automated, no_sell, no_dealer",,0,,,,413
Nasairde,ork_nasairde,Heavy Cruiser,Gestalt,bt_fervent_charge,22,12000,1350,12500,25000,850,205,1,50,25,20,16,16,3000,OMNI,,160,0.4,0.5,,,0,0,150,300,4,28,9,350000,5,15,700,0.25,30,30,,,,,,,UNBOARDABLE,"gestalt, auto_rec, codex_unlockable, automated, no_sell, no_dealer",,0,,,,514
,,,,,,,,,,,,,,,,,,,,,,,,,,,,,,,,,,,,,,,,,,,,,,,,,,,,,
Fulang,ork_fulang,Destroyer,Gestalt,bt_divine_energy_redirector,13,5500,550,5000,5000,475,125,,105,75,55,35,50,900,OMNI,,200,0.4,0.6,,,0,0,80,60,2,30,10,90000,5,15,550,0.25,12,12,,,,,,,UNBOARDABLE,"gestalt, auto_rec, codex_unlockable, automated, no_sell, no_dealer",,0,,,,3
Feirge,ork_feirge,Destroyer,Gestalt,bultach_dash,12,5750,650,6250,5000,400,130,,95,60,40,35,40,1000,OMNI,,270,0.4,0.6,,,0,0,100,75,2,30,10,90000,5,15,550,0.25,13,13,,,,,,,UNBOARDABLE,"gestalt, auto_rec, codex_unlockable, automated, no_sell, no_dealer",,0,,,,3
,,,,,,,,,,,,,,,,,,,,,,,,,,,,,,,,,,,,,,,,,,,,,,,,,,,,,
Ifrinn,ork_ifrinn,Frigate,Gestalt,bt_divine_energy_redirector,8,1650,275,2700,3125,285,60,1,180,240,235,95,220,200,OMNI,,250,0.3,0.6,,,0,0,50,40,1,40,11,45000,5,10,450,0.25,6,6,,,,,,,UNBOARDABLE,"gestalt, auto_rec, codex_unlockable, automated, no_sell, no_dealer",,0,,,,2
Basaich,ork_basaich,Frigate,Gestalt,bultach_dash,7,2450,375,3450,3125,250,75,,155,200,175,75,180,400,OMNI,,300,0.3,0.5,,,0,0,60,50,1,40,11,45000,5,10,450,0.25,7,7,,,,,,,UNBOARDABLE,"gestalt, auto_rec, codex_unlockable, automated, no_sell, no_dealer",,0,,,,2
,,,,,,,,,,,,,,,,,,,,,,,,,,,,,,,,,,,,,,,,,,,,,,,,,,,,,
Dion,ork_dion,,Gestalt,,,300,75,600,,50,0,,200,300,300,300,200,30,OMNI,,360,0,0.6,,,0,0,,,,,,,,,,,,,,,,,,,HIDE_IN_CODEX,"restricted, gestalt, no_sell, no_dealer",,,,,,
Dean,ork_dean,,Gestalt,,,500,125,850,,75,0,,220,240,200,55,120,30,OMNI,,160,0,0.6,,,0,0,,,,,,,,,,,,,,,,,,,HIDE_IN_CODEX,"restricted, gestalt, no_sell, no_dealer",,,,,,
,ork_vortex_drone,,,,,100000,100000,100000,,100000,100,,0,0,0,300,300,100,NONE,,,,,,,,,,,,,,,,,,,,,,,,,,,HIDE_IN_CODEX,"restricted, no_sell, no_dealer",,,,0,,
,ork_convergence_swarm,Convergence,Gestalt,,,100000,100000,100000,,100000,100,,0,0,0,0,0,10,NONE,,0,0,0,,,0,0,,,,,,,,,,,,,,,,,,,HIDE_IN_CODEX,"threat_swarm_ai, swarm_fighter, restricted, no_sell, no_dealer",,,,0,,
,,,,,,,,,,,,,,,,,,,,,,,,,,,,,,,,,,,,,,,,,,,,,,,,,,,,,
,,,,,,,,,,,,,,,,,,,,,,,,,,,,,,,,,,,,,,,,,,,,,,,,,,,,,
#GESTALT?,,,,,,,,,,,,,,,,,,,,,,,,,,,,,,,,,,,,,,,,,,,,,,,,,,,,,
,,,,,,,,,,,,,,,,,,,,,,,,,,,,,,,,,,,,,,,,,,,,,,,,,,,,,
Murtach,ork_murtach,Experimental Super Cruiser,Unknown,bt_forcedphase,30,11500,1050,12000,4000,650,235,,70,35,30,30,25,2000,NONE,,,,,0.21,0.03,1,1,120,175,3,50,9,950000,4,12,350,0.25,35,35,,,,,,,"HIDE_IN_CODEX, PHASE","restricted, no_sell, no_dealer",,0.05,3,5,,410
,,,,,,,,,,,,,,,,,,,,,,,,,,,,,,,,,,,,,,,,,,,,,,,,,,,,,
#MAY CHAOS TAKE THE WORLD,,,,,,,,,,,,,,,,,,,,,,,,,,,,,,,,,,,,,,,,,,,,,,,,,,,,,
,,,,,,,,,,,,,,,,,,,,,,,,,,,,,,,,,,,,,,,,,,,,,,,,,,,,,
Macaillte,ork_feregether_corrupted,Corrupted Dreadnought,Bultach Coalition,advtemporalvault,60,27500,2050,32000,15000,1600,700,,42,24,12,10,8,6000,OMNI,,220,0.3,0.7,,,0,0,350,450,17,26,7,2000000,3,20,900,0.15,75,75,,,,,,,"UNBOARDABLE, HIDE_IN_CODEX",restricted,,.3,3,5,,
,,,,,,,,,,,,,,,,,,,,,,,,,,,,,,,,,,,,,,,,,,,,,,,,,,,,,
,,,,,,,,,,,,,,,,,,,,,,,,,,,,,,,,,,,,,,,,,,,,,,,,,,,,,
#FIGHTERS,,,,,,,,,,,,,,,,,,,,,,,,,,,,,,,,,,,,,,,,,,,,,,,,,,,,,
,,,,,,,,,,,,,,,,,,,,,,,,,,,,,,,,,,,,,,,,,,,,,,,,,,,,,
Brònach,ork_light_fighter,,Bultach Coalition,,,375,75,80,,10,0,,190,380,340,85,180,30,NONE,,0,0,0,,,1,1,,,,,,,,,,,,,,,,,,,,,,0,,,,104
Seillean,ork_heavy_fighter,,Bultach Coalition,flarelauncher_fighter,,800,150,100,,20,0,,150,360,235,75,170,30,NONE,,0,0,0,,,2,2,,,,,,,,,,,,,,,,,,,,,,0,,,,104
Seileach,ork_heavy_fighter_drone,,Bultach Coalition,flux_booster,,725,210,150,,35,0,,165,360,260,75,170,30,NONE,,0,0,0,,,0,0,,,,,,,,,,,,,,,,,,,,,,0,,,,104
Chaneil,ork_bomber,,Bultach Coalition,,,650,150,100,,20,0,,175,360,100,75,80,30,NONE,,0,0,0,,,2,2,,,,,,,,,,,,,,,,,,,,,,0,,,,104
,,,,,,,,,,,,,,,,,,,,,,,,,,,,,,,,,,,,,,,,,,,,,,,,,,,,,
Defense Pod,ork_defense_drone,,Low Tech,,,500,150,150,,100,0,,160,200,200,85,130,50,NONE,,0,0,0,,,0,0,,,,,,,,,,,,,,,,,,,UNBOARDABLE,"no_dealer, no_sell",,0,,,,108
,,,,,,,,,,,,,,,,,,,,,,,,,,,,,,,,,,,,,,,,,,,,,,,,,,,,,
,,,,,,,,,,,,,,,,,,,,,,,,,,,,,,,,,,,,,,,,,,,,,,,,,,,,,
#SUPERS,,,,,,,,,,,,,,,,,,,,,,,,,,,,,,,,,,,,,,,,,,,,,,,,,,,,,
,,,,,,,,,,,,,,,,,,,,,,,,,,,,,,,,,,,,,,,,,,,,,,,,,,,,,
Spacehulk,ork_spacehulk,Super-Scrapital,Pirate,ammofeed,60,25500,1350,16500,10000,800,190,1,25,4,3,2,2,12000,OMNI,,110,.75,1.3,,,1850,2500,2500,1500,40,25,6,2000000,2,15,1500,0.25,85,85,,,,,,,SHIP_WITH_MODULES,rare_bp,0.25,0.1,2,2,,507
,big_thruster,Engine Module,,burndrive,12,11000,1350,10000,7000,400,100,,25,0,0,10,10,4000,NONE,,0,0,0,,,0,0,0,0,1,0,,75000,,1,1500,0.25,0,0,,,,,,,"UNBOARDABLE, HIDE_IN_CODEX",,,1,2,4,,2100
,front_right,Prow Module,,flarelauncher,12,9000,900,9500,5000,350,100,,0,0,0,10,10,1500,NONE,,0,0,0,,,0,0,0,0,1,0,,75000,,1,1500,0.25,0,0,,,,,,,"UNBOARDABLE, HIDE_IN_CODEX",,,1,2,3,,2100
,front_left,Prow Module,,fastmissileracks,12,9000,900,8500,5000,300,90,1,0,0,0,10,10,1500,NONE,,0,0,0,,,0,0,0,0,1,0,,75000,,1,1500,0.25,0,0,,,,,,,"UNBOARDABLE, HIDE_IN_CODEX",,,1,2,3,,2100
,stuff_left,Side Module,,forgevats,12,11000,1200,8000,2500,250,135,1,0,0,0,10,10,1000,NONE,,0,0,0,,,0,0,0,0,1,0,,75000,,1,1500,0.25,0,0,,,,,,,"UNBOARDABLE, HIDE_IN_CODEX",,,1,2,2,,2100
,stuff_right,Side Module,,ammofeed,12,11000,1200,8000,2500,250,115,2,0,0,0,10,10,1000,NONE,,0,0,0,,,0,0,0,0,1,0,,75000,,1,1500,0.25,0,0,,,,,,,"UNBOARDABLE, HIDE_IN_CODEX",,,1,2,2,,2100
,,,,,,,,,,,,,,,,,,,,,,,,,,,,,,,,,,,,,,,,,,,,,,,,,,,,,
,,,,,,,,,,,,,,,,,,,,,,,,,,,,,,,,,,,,,,,,,,,,,,,,,,,,,
DòrnDhè,ork_superdread_main,Super Dreadnought,Bultach Coalition,burndrive,1000,65000,2250,32000,10000,1900,425,3,18,2,2,2,2,25000,NONE,,180,.5,1,,,5750,8750,4500,2450,50,25,6,10000000,2,15,950,0.25,120,200,,,,,,,"SHIP_WITH_MODULES, UNBOARDABLE, HIDE_IN_CODEX",,,0.3,4,6,,507
,ork_superdread_prow_left,Prow Module,,damper,100,14500,1500,10000,7000,650,125,,22,0,0,10,10,4000,NONE,,0,0,0,,,0,0,0,0,1,0,,75000,,1,720,0.25,0,0,,,,,,,"UNBOARDABLE, HIDE_IN_CODEX",,,1,2,4,,2100
,ork_superdread_prow_right,Prow Module,,damper,100,14500,1500,10000,7000,650,125,,22,0,0,10,10,4000,NONE,,0,0,0,,,0,0,0,0,1,0,,75000,,1,720,0.25,0,0,,,,,,,"UNBOARDABLE, HIDE_IN_CODEX",,,1,2,4,,2100
,ork_superdread_armor_left,Armor Module,,damper,100,20000,1750,12000,5000,600,140,,0,0,0,10,10,500,NONE,,0,0,0,,,0,0,0,0,1,0,,75000,,1,720,0.25,0,0,,,,,,,"UNBOARDABLE, HIDE_IN_CODEX",,,1,2,3,,2100
,ork_superdread_armor_right,Armor Module,,damper,100,20000,1750,12000,5000,600,140,,0,0,0,10,10,5000,NONE,,0,0,0,,,0,0,0,0,1,0,,75000,,1,720,0.25,0,0,,,,,,,"UNBOARDABLE, HIDE_IN_CODEX",,,1,2,3,,2100
,ork_superdread_hangar_left,Hangar Module,,damper,100,21500,1600,8000,2500,250,140,3,0,0,0,10,10,1000,NONE,,0,0,0,,,0,0,0,0,1,0,,75000,,1,720,0.25,0,0,,,,,,,"UNBOARDABLE, HIDE_IN_CODEX",,,1,2,2,,2100
,ork_superdread_hangar_right,Hangar Module,,damper,100,12000,1600,8000,2500,250,140,3,0,0,0,10,10,1000,NONE,,0,0,0,,,0,0,0,0,1,0,,75000,,1,720,0.25,0,0,,,,,,,"UNBOARDABLE, HIDE_IN_CODEX",,,1,2,2,,2100
,ork_superdread_thruster_left,Thruster Module,,damper,100,21500,1600,8000,2500,250,145,3,1,0,0,10,10,2000,NONE,,0,0,0,,,0,0,0,0,1,0,,75000,,1,720,0.25,0,0,,,,,,,"UNBOARDABLE, HIDE_IN_CODEX",,,1,2,2,,2100
,ork_superdread_thruster_right,Thruster Module,,damper,100,21500,1600,8000,2500,250,145,3,1,0,0,10,10,2000,NONE,,0,0,0,,,0,0,0,0,1,0,,75000,,1,720,0.25,0,0,,,,,,,"UNBOARDABLE, HIDE_IN_CODEX",,,1,2,2,,2100
,ork_shield_module,Shield Module,,,100,20000,2000,26500,2500,1400,0,0,0,0,0,10,10,2000,OMNI,,360,.5,.7,,,0,0,0,0,1,0,,75000,,1,720,0.25,0,0,,,,,,,"UNBOARDABLE, HIDE_IN_CODEX",,,1,2,2,,2100
,,,,,,,,,,,,,,,,,,,,,,,,,,,,,,,,,,,,,,,,,,,,,,,,,,,,,
,,,,,,,,,,,,,,,,,,,,,,,,,,,,,,,,,,,,,,,,,,,,,,,,,,,,,
Redemption,ork_redemption_main,Reclaimed Sporeship,Luddic Path,bt_holy_charge,1000,95000,2850,20000,10000,1000,225,,20,3,3,2,2,35000,NONE,,0,0,0,,,2500,6250,5000,5000,40,25,6,2000000,2,15,1500,0.25,100,100,,,,,,,"SHIP_WITH_MODULES, UNBOARDABLE, HIDE_IN_CODEX",restricted,,0.8,3,5,,507
,ork_redemption_thruster_left,Thruster Module,,ammofeed,12,32500,1850,13000,7000,450,110,2,1,0,0,10,10,4000,NONE,,0,0,0,,,0,0,0,0,1,0,,75000,,1,1500,0.25,0,0,,,,,,,"UNBOARDABLE, HIDE_IN_CODEX",,,1,2,4,,2100
,ork_redemption_thruster_right,Thruster Module,,ammofeed,12,32500,1850,13000,7000,450,110,2,1,0,0,10,10,4000,NONE,,0,0,0,,,0,0,0,0,1,0,,75000,,1,1500,0.25,0,0,,,,,,,"UNBOARDABLE, HIDE_IN_CODEX",,,1,2,4,,2100
,ork_redemption_ring_left,Ring Module,,ammofeed,12,20000,1550,10000,7000,450,50,,1,0,0,10,10,4000,NONE,,0,0,0,,,0,0,0,0,1,0,,75000,,1,1500,0.25,0,0,,,,,,,"UNBOARDABLE, HIDE_IN_CODEX",,,1,2,4,,2100
,ork_redemption_ring_right,Ring Module,,ammofeed,12,20000,1550,10000,7000,450,50,,1,0,0,10,10,4000,NONE,,0,0,0,,,0,0,0,0,1,0,,75000,,1,1500,0.25,0,0,,,,,,,"UNBOARDABLE, HIDE_IN_CODEX",,,1,2,4,,2100
,ork_redemption_prow_left,Prow Module,,damper,12,42000,2350,16000,7000,750,165,,1,0,0,10,10,4000,NONE,,0,0,0,,,0,0,0,0,1,0,,75000,,1,1500,0.25,0,0,,,,,,,"UNBOARDABLE, HIDE_IN_CODEX",,,1,2,4,,2100
,ork_redemption_prow_right,Prow Module,,damper,12,42000,2350,16000,7000,750,165,,1,0,0,10,10,4000,NONE,,0,0,0,,,0,0,0,0,1,0,,75000,,1,1500,0.25,0,0,,,,,,,"UNBOARDABLE, HIDE_IN_CODEX",,,1,2,4,,2100
,,,,,,,,,,,,,,,,,,,,,,,,,,,,,,,,,,,,,,,,,,,,,,,,,,,,,
Sathar,ork_sgr_main,Heavy Dreadnought,Bultach Coalition,bt_assault_burn,70,28000,1800,16500,10000,960,235,,20,4,3,2,2,15000,PHASE,bt_sathar_shield,360,0.2,1,0.05,0.02,1500,3850,1000,900,36,50,7,1500000,2,15,1500,0.25,85,85,,,,,,,SHIP_WITH_MODULES,rare_bp,0.25,0,4,6,,507
,sgr_center_left,Center Module,,,0,8000,950,5000,7000,250,70,,1,0,0,10,10,2000,NONE,,0,0,0,,,0,0,0,0,1,0,,75000,,1,1500,0.25,0,0,,,,,,,"UNBOARDABLE, HIDE_IN_CODEX",,,1,2,4,,2100
,sgr_center_right,Center Module,,,0,8000,950,5000,7000,250,70,,1,0,0,10,10,2000,NONE,,0,0,0,,,0,0,0,0,1,0,,75000,,1,1500,0.25,0,0,,,,,,,"UNBOARDABLE, HIDE_IN_CODEX",,,1,2,4,,2100
,sgr_front_left,Prow Module,,ammofeed,0,11000,1350,10000,7000,450,90,,1,0,0,10,10,2000,NONE,,0,0,0,,,0,0,0,0,1,0,,75000,,1,1500,0.25,0,0,,,,,,,"UNBOARDABLE, HIDE_IN_CODEX",,,1,2,4,,2100
,sgr_front_right,Prow Module,,ammofeed,0,11000,1350,10000,7000,450,90,,1,0,0,10,10,2000,NONE,,0,0,0,,,0,0,0,0,1,0,,75000,,1,1500,0.25,0,0,,,,,,,"UNBOARDABLE, HIDE_IN_CODEX",,,1,2,4,,2100
,sgr_engine_left,Engine Module,,,0,9500,1100,15000,7000,500,0,,22,0,0,10,10,2000,FRONT,,180,.2,1,,,0,0,0,0,1,0,,75000,,1,1500,0.25,0,0,,,,,,,"UNBOARDABLE, HIDE_IN_CODEX, MODULE",,,1,2,4,,2100
,sgr_engine_right,Engine Module,,,0,9500,1100,15000,7000,500,0,,22,0,0,10,10,2000,FRONT,,180,.2,1,,,0,0,0,0,1,0,,75000,,1,1500,0.25,0,0,,,,,,,"UNBOARDABLE, HIDE_IN_CODEX, MODULE",,,1,2,4,,2100
,ork_magnetic_core,Shield Core,,bt_aegis_unique,0,50000,5000,5000,10000,400,0,,1,0,0,10,10,15000,NONE,,0,0,0,,,0,0,0,0,0,0,,75000,,1,1500,0.25,0,0,,,,,,,"UNBOARDABLE, HIDE_IN_CODEX",,,1,2,4,,507
,,,,,,,,,,,,,,,,,,,,,,,,,,,,,,,,,,,,,,,,,,,,,,,,,,,,,
,,,,,,,,,,,,,,,,,,,,,,,,,,,,,,,,,,,,,,,,,,,,,,,,,,,,,
Bulwark,ork_bulwark_station,Star Bulwark,,bt_aegis_unique,650,160000,2400,5000,2500,100,0,,30,200,200,4,4,15000,NONE,,0,0,0,,,0,0,0,0,1,0,0,500000,10,10,,,120,50,,,,,,,"STATION, UNBOARDABLE",,,0,,,,2004
,ork_station_arms,Station Arms,,,0,160000,2400,1000,2500,100,0,,0,0,0,3,3,7000,NONE,,0,0,0,,,0,0,0,0,1,0,0,500000,,1,,,0,0,,,,,,,"UNBOARDABLE, HIDE_IN_CODEX",,,0,,,,2004
,ork_guns_station_module,Heavy Combat Module,,forgevats_station,1,16000,1750,25000,30000,1000,1000,,0,0,0,3,3,3500,FRONT,,100,0.4,1,,,0,0,0,0,1,0,,500000,,1,,,0,0,,,,,,,"UNBOARDABLE, HIDE_IN_CODEX",,,1,2,4,,2063
,ork_station_fighters,Heavy Support Module,,forgevats_station,1,10000,1500,10000,12500,500,1000,3,0,0,0,10,10,2500,FRONT,,100,0.4,1,,,0,0,0,0,1,0,,500000,,1,,,0,0,,,,,,,"UNBOARDABLE, HIDE_IN_CODEX",,,1,2,4,,2064
,ork_station_missiles,Heavy Support Module,,forgevats_station,1,10000,1500,10000,12500,500,1000,,0,0,0,3,3,2500,FRONT,,100,0.4,1,,,0,0,0,0,1,0,,500000,,1,,,0,0,,,,,,,"UNBOARDABLE, HIDE_IN_CODEX",,,1,2,4,,2064
,ork_guns_station_module_2,Heavy Combat Module,,forgevats_station,1,20000,2000,30000,30000,1200,1000,,0,0,0,10,10,3500,FRONT,,100,0.4,1,,,0,0,0,0,1,0,,500000,,1,,,0,0,,,,,,,"UNBOARDABLE, HIDE_IN_CODEX",,,1,2,4,,2063
,,,,,,,,,,,,,,,,,,,,,,,,,,,,,,,,,,,,,,,,,,,,,,,,,,,,,
,,,,,,,,,,,,,,,,,,,,,,,,,,,,,,,,,,,,,,,,,,,,,,,,,,,,,
Judgement,ork_judgement,Converted Mining Station,Luddic Path,maneuveringjets,60,30000,1300,18000,10000,450,145,,27,6,3,3,3,15000,NONE,,0,0,0,,,2000,4250,1850,1250,40,25,6,2000000,2,15,1500,0.25,85,85,,,,,,,SHIP_WITH_MODULES,"rare_bp, LP_bp",0.25,0.1,2,2,,507
,ork_judgement_engine,Thruster Module,,ammofeed,12,8000,800,9000,7000,450,85,,1,0,0,10,10,2000,NONE,,0,0,0,,,0,0,0,0,1,0,,75000,,1,1500,0.25,0,0,,,,,,,"UNBOARDABLE, HIDE_IN_CODEX",,,1,2,4,,2100
,ork_judgement_middle_left,Center module,,ammofeed,12,11000,900,10000,7000,450,85,,1,0,0,10,10,2000,NONE,,0,0,0,,,0,0,0,0,1,0,,75000,,1,1500,0.25,0,0,,,,,,,"UNBOARDABLE, HIDE_IN_CODEX",,,1,2,4,,2100
,ork_judgement_middle_right,Center module,,ammofeed,12,11000,900,10000,7000,450,85,,1,0,0,10,10,2000,NONE,,0,0,0,,,0,0,0,0,1,0,,75000,,1,1500,0.25,0,0,,,,,,,"UNBOARDABLE, HIDE_IN_CODEX",,,1,2,4,,2100
,ork_judgement_front_left,Prow Module,,ammofeed,12,15500,1300,14000,7000,450,85,,1,0,0,10,10,2000,NONE,,0,0,0,,,0,0,0,0,1,0,,75000,,1,1500,0.25,0,0,,,,,,,"UNBOARDABLE, HIDE_IN_CODEX",,,1,2,4,,2100
,ork_judgement_front_right,Prow Module,,ammofeed,12,15500,1300,14000,7000,450,85,,1,0,0,10,10,2000,NONE,,0,0,0,,,0,0,0,0,1,0,,75000,,1,1500,0.25,0,0,,,,,,,"UNBOARDABLE, HIDE_IN_CODEX",,,1,2,4,,2100
,,,,,,,,,,,,,,,,,,,,,,,,,,,,,,,,,,,,,,,,,,,,,,,,,,,,,
,,,,,,,,,,,,,,,,,,,,,,,,,,,,,,,,,,,,,,,,,,,,,,,,,,,,,
#LOGI,,,,,,,,,,,,,,,,,,,,,,,,,,,,,,,,,,,,,,,,,,,,,,,,,,,,,
,,,,,,,,,,,,,,,,,,,,,,,,,,,,,,,,,,,,,,,,,,,,,,,,,,,,,
Brùth,ork_loota,Heavy Freighter,Bultach Coalition,burndrive,10,9000,750,4250,2000,250,95,,40,20,10,10,10,1500,FRONT,,90,0.5,1,,,80,200,650,120,4,30,7,60000,3,20,480,0.25,14,14,150,225,,,,,"CIVILIAN, FREIGHTER","rare_bp, ork_project_bp",,0.6,2,3,,
Mèinlùtha,ork_tanka,Tanker,Bultach Coalition,antimatter_dump,10,10000,900,5450,2500,300,110,,50,30,20,25,15,3000,FRONT,,60,0.5,1.2,,,100,160,120,1000,2,30,8,65000,5,20,300,0.25,18,18,,,,,,,"CIVILIAN, TANKER","rare_bp, ork_project_bp",,0.75,3,4,,
Giùlain,ork_logistics,Tanker-Freighter Hybrid,Bultach Coalition,burndrive,20,14500,850,12000,5000,575,120,,20,15,8,7,4,4000,FRONT,,90,0.5,1,,,250,450,1650,1650,6,40,6,135000,2,20,620,0.25,20,20,200,333,,,,,"CIVILIAN, FREIGHTER","rare_bp, ork_project_bp",,0.7,2,4,,
Asal,ork_tiny_freighter,Freighter,Bultach Coalition,burndrive,3,4500,500,2500,2500,125,30,,65,40,20,20,15,500,OMNI,,120,0.4,1,,,35,90,250,250,2,40,9,34000,5,10,420,0.25,4,4,36,125,,,,,"CIVILIAN, FREIGHTER","rare_bp, ork_project_bp",,0.5,2,3,,310
,,,,,,,,,,,,,,,,,,,,,,,,,,,,,,,,,,,,,,,,,,,,,,,,,,,,,
,,,,,,,,,,,,,,,,,,,,,,,,,,,,,,,,,,,,,,,,,,,,,,,,,,,,,
#CONVERSIONS,,,,,,,,,,,,,,,,,,,,,,,,,,,,,,,,,,,,,,,,,,,,,,,,,,,,,
,,,,,,,,,,,,,,,,,,,,,,,,,,,,,,,,,,,,,,,,,,,,,,,,,,,,,
Brùth (P),ork_loota_p,Converted Freighter,Pirate,burndrive,15,11500,1050,8500,2000,475,110,,38,18,10,10,10,1500,FRONT,,90,0.5,1.1,,,120,200,100,120,4,30,7,40000,3,20,400,0.25,18,18,150,225,,,,,ALWAYS_PANIC,"rare_bp, pirate_bp",,0.6,2,3,,
Giùlain (P),ork_logistics_p,Converted Tanker-Freighter,Pirate,burndrive,23,15450,1250,14850,5000,625,270,1,35,20,12,9,7,4000,OMNI,,80,0.4,1.2,,,385,800,200,950,11,67,8,165000,2,15,600,0.25,30,30,200,333,,,,,ALWAYS_PANIC,"rare_bp, pirate_bp",,0.8,3,5,,
Mèinneadh (P),ork_mining_p,Cruiser,Pirate,burndrive,13,10500,1050,7500,6000,375,125,,35,15,10,12,6,1500,OMNI,,120,0.4,1.1,,,80,300,150,160,3,60,7,55000,5,10,380,0.25,14,14,,,,,,,,"rare_bp, pirate_bp",,0.6,2,3,,402
Mule MK.III,ork_mule_mk3,Converted Combat Freighter,Luddic Path,maneuveringjets,8,5250,550,4750,2500,275,80,,90,50,25,28,20,500,OMNI,,120,0.5,1.1,,,40,100,100,40,2,40,9,44000,5,10,340,0.25,10,10,36,125,,,,,ALWAYS_PANIC,"rare_bp, LP_bp",,0.5,2,3,,310
Ramshackle,ork_ramshackle,Holy Cruiser,Luddic Path,rammingdrive,12,9000,800,8750,5000,425,160,1,55,38,16,15,10,4000,OMNI,,100,0.4,1.1,,,225,450,150,120,6,67,7,125000,2,20,370,0.25,23,23,200,333,,,,,ALWAYS_PANIC,"rare_bp, LP_bp",,0.8,3,5,,
Ramala (LP),ork_vencha_pather,Converted Carrier,Luddic Path,rammingdrive,12,11000,1100,7500,6000,350,125,,65,42,20,18,12,1500,FRONT,,130,0.4,1,,,130,225,140,120,4,30,8,80000,5,10,450,0.25,20,20,,,,,,,ALWAYS_PANIC,"rare_bp, LP_bp",,0.5,2,4,,
Cruinn (LP),ork_hammah_pather,Destroyer,Luddic Path,orion_device,10,5750,650,4000,3333,200,70,,85,50,20,40,28,750,FRONT,,120,0.3,1.1,,,80,120,100,90,3,35,9,37000,5,12,380,0.25,12,12,,,,,,,ALWAYS_PANIC,"rare_bp, LP_bp",,0.3,3,5,,
Gath (LP),ork_skrunkly_lp,Frigate,Luddic Path,burndrive,6,2200,485,2000,1875,135,35,,125,120,100,50,90,300,FRONT,,90,0.4,1,,,30,50,50,30,1,30,10,8000,8,10,240,0.25,7,7,8,50,,,,,ALWAYS_PANIC,"rare_bp, LP_bp",0.75,0.4,2,2,,201.5
Snàthad (P),ork_bees_p,Converted Destroyer,Pirate,bt_over_ammofeed,9,4300,350,3500,2833,275,80,,90,42,21,25,20,400,FRONT,,150,0.4,1,,,55,120,90,70,2,35,9,36000,4,8,380,0.25,8,8,28,125,,,,,ALWAYS_PANIC,"rare_bp, pirate_bp",,0.6,2,3,,305
Fithea (P),ork_prong_p,Destroyer,Pirate,burndrive,10,5650,675,4000,3333,200,85,,75,45,22,35,23,500,OMNI,,200,0.4,1.1,,,60,100,90,90,3,30,9,38000,5,12,380,0.25,9,9,,,,,,,ALWAYS_PANIC,"rare_bp, pirate_bp",,0.4,2,3,,303
,,,,,,,,,,,,,,,,,,,,,,,,,,,,,,,,,,,,,,,,,,,,,,,,,,,,,
#LAWFUL CONVERSIONS,,,,,,,,,,,,,,,,,,,,,,,,,,,,,,,,,,,,,,,,,,,,,,,,,,,,,
,,,,,,,,,,,,,,,,,,,,,,,,,,,,,,,,,,,,,,,,,,,,,,,,,,,,,
Sisyphus,ork_sisyphus,Refitted Superfreighter,Low Tech,maneuveringjets,23,13500,1150,11000,8750,500,270,2,34,10,6,6,3,4000,OMNI,,80,0.4,1,,,250,400,350,450,9,40,7,220000,2,20,750,0.25,30,30,,,,,,,,"rare_bp, merc, ind",,0.7,2,4,,502.5
Veneer,ork_veneer,Refitted Transport,Low Tech,ammofeed,13,9750,900,8250,2500,325,150,1,47,18,10,9,8,1350,FRONT,,150,0.4,1,,,125,225,200,150,4,40,8,95000,3,20,550,0.25,20,20,,,,,,,,"rare_bp, merc, ind",,0.6,2,3,,409
Sally,ork_sally,Frigate,Low Tech,ammofeed,5,1650,300,2100,1750,140,55,1,130,110,90,60,90,200,FRONT,,210,0.4,1,,,30,75,75,45,1,25,10,8000,8,10,300,0.25,4,4,,,,,,,,"rare_bp, merc, ind",,0.4,2,2,,204
Concoct,ork_concoct,Refitted Destroyer,Low Tech,damper,7,4500,415,2500,2833,150,75,,65,45,25,30,20,400,FRONT,,150,0.4,1,,,55,120,90,70,2,35,9,26000,4,8,380,0.25,9,9,28,125,,,,,,"rare_bp, merc, ind",,0.6,2,3,,305
Arke,ork_arke,Refitted Frigate,Low Tech,flarelauncher,4,1600,300,1900,1750,120,50,,100,80,70,40,35,200,FRONT,,210,0.4,1,,,25,50,40,25,1,25,10,5000,8,10,300,0.25,3,3,,,,,,,,"rare_bp, merc, ind",,0.4,2,2,,204
,,,,,,,,,,,,,,,,,,,,,,,,,,,,,,,,,,,,,,,,,,,,,,,,,,,,,
Holstein,ork_cyclops,Converted Freighter,Low Tech,maneuveringjets,11,8000,900,3750,3600,230,115,,60,25,16,12,12,1400,FRONT,,180,0.4,1,,,60,120,300,60,4,15,7,60000,3,20,500,0.25,13,13,,,,,,,,"rare_bp, merc, ind",,0.5,2,3,,
,,,,,,,,,,,,,,,,,,,,,,,,,,,,,,,,,,,,,,,,,,,,,,,,,,,,,
#OTHER STUFF,,,,,,,,,,,,,,,,,,,,,,,,,,,,,,,,,,,,,,,,,,,,,,,,,,,,,
,,,,,,,,,,,,,,,,,,,,,,,,,,,,,,,,,,,,,,,,,,,,,,,,,,,,,
Apsis,ork_apsis,Exploration Capital,High Tech,flarelauncher_active,22,13500,1050,19500,14000,800,270,2,50,20,14,9,5,2000,FRONT,,300,0.5,0.6,,,325,825,875,450,6,60,8,275000,3,15,700,0.25,40,40,,,,,,,,"rare_bp, merc, ind",,0.6,2,4,,403
Scrap Heap,ork_scrapheap,Heavy Scrap Cruiser,Pirate,bt_over_ammofeed,17,17000,800,7950,9000,375,205,1,44,14,7,10,8,2250,PHASE,canister_flak,0,0,0,,,220,350,275,400,5,70,8,110000,5,12,510,0.25,22,22,,,,,,,,"rare_bp, pirate_bp",,0.6,2,3,,11021
Mastodon,ork_drednot,"Pirate ""Drednot""",Pirate,bt_rampage,25,18500,1450,15500,5000,725,285,2,32,18,10,9,6,4000,FRONT,,100,0.5,1.2,,,435,900,350,650,13,67,6,385000,2,20,625,0.25,45,45,200,333,,,,,ALWAYS_PANIC,"rare_bp, pirate_bp",0.75,0.8,3,5,,
Sacrilege,ork_sacrilege,Holy Capital,Luddic Path,bt_pather_tele,25,16000,1350,14850,5000,625,295,,36,18,12,12,7,4000,FRONT,,160,0.4,1.2,,,385,750,200,375,11,50,6,355000,2,20,600,0.25,45,45,200,333,,,,,ALWAYS_PANIC,"rare_bp, LP_bp",0.75,0.9,3,5,,
Subjugator,ork_subjugator,Heavy Cruiser,Pirate,maneuveringjets,16,14500,1400,10000,10000,500,200,1,36,22,10,11,12,2250,FRONT,,150,0.4,1.1,,,245,375,200,200,6,35,8,125000,4,12,540,0.25,30,30,,,,,,,,"rare_bp, pirate_bp",0.75,0.5,2,4,,404
Detritus,ork_detritus,Scrapital,Pirate,bt_over_ammofeed,25,18500,1100,13500,30000,600,295,2,60,35,20,10,13,2500,PHASE,canister_flak,0,0,0,,,425,945,350,400,12,32,8,210000,3,15,680,0.25,35,35,,,,,,,,"rare_bp, pirate_bp",,0.7,2,5,,503
Goblin ,ork_dangerous,Phase Cruiser,Luddic Path,maneuveringjets,12,8750,700,6500,5000,350,130,,72,50,28,18,18,4000,PHASE,phasecloak,0,0,0,0.07,0.04,225,450,150,120,6,67,7,125000,2,20,500,0.25,20,20,200,333,,,,,ALWAYS_PANIC,"rare_bp, LP_bp",,0.9,3,5,,
Triumph,ork_triumph,Battleship,Midline,bt_combatmode_switch,32,20000,1650,19500,15000,750,320,2,30,13,10,5,4,3000,OMNI,,140,0.4,.8,,,800,1500,350,450,15,30,7,450000,3,12,720,0.25,50,50,,,,,,,,"rare_bp, merc",,0.4,2,4,,500
Retribution TWO,ork_sledgehammer,Battlecruiser,Bultach Coalition,offensive_orion_device,22,13500,1100,14000,17500,650,265,,55,30,25,12,9,2750,OMNI,,70,0.3,1.1,,,350,450,225,300,10,30,8,200000,3,12,600,0.25,40,40,,,,,,,HIDE_IN_CODEX,restricted,,0.6,2,4,,
Zealot,ork_zealot,Holy Cruiser,Luddic Path,combat_burn,15,11000,1150,10000,11000,450,175,,55,45,18,15,20,1500,FRONT,,100,0.4,0.9,,,275,400,150,150,4,38,8,135000,4,12,500,0.25,27,27,,,,,,,ALWAYS_PANIC,"rare_bp, LP_bp",0.75,0.5,2,4,,401.5
Dregs,ork_dregs,Scrap Destroyer,Pirate,bt_over_ammofeed,10,7450,675,3800,3333,210,105,,65,50,15,25,15,500,PHASE,canister_flak,0,0,0,,,75,120,130,100,3,30,9,34000,5,12,390,0.25,9,9,,,,,,,ALWAYS_PANIC,"rare_bp, pirate_bp",,0.4,2,3,,303
Anathema,ork_anathema,Battleship,High Tech,highenergyfocus,35,24500,1650,27000,31250,1300,395,2,36,17,12,5,5,3800,OMNI,,260,0.4,0.6,,,1100,1850,400,450,12,35,7,600000,4,20,750,0.25,70,70,,,,,,,,,,0.6,3,6,,
Meshuga,ork_meshuga,Drone Battleship,Explorarium,bt_meshuga_repair,30,28500,7000,16000,12500,500,240,,27,10,10,3,3,10000,PHASE,bt_derelict_flarelauncher,0,0,0,,,0,0,300,220,15,20,6,400000,3,12,900,0.25,35,35,,,,,,,"NEVER_DODGE_MISSILES, UNBOARDABLE","derelict, auto_rec, codex_unlockable",,0.3,3,6,,
Vocifer,ork_vocifer,Phase Cruiser,Pirate,bt_vocifer_emp,14,8000,1000,10000,14000,550,155,,75,60,45,25,30,1200,PHASE,phasecloak,0,0,0,0.05,0.06,140,240,100,75,4,33,8,100000,3,12,480,0.25,22,22,,,,,,,ALWAYS_PANIC,pirate_bp,0.75,0.5,2,3,,
Hinnie,ork_supermule,"""Sooper"" Destroyer",Pirate,bt_pirate_tempshell,10,4750,500,3500,2500,250,95,,85,65,45,30,35,500,OMNI,,140,0.6,0.9,,,55,125,50,60,2,40,9,76000,3,10,380,0.25,11,11,36,125,,,,,ALWAYS_PANIC,pirate_bp,0.45,0.5,2,3,,
Criterion,ork_criterion,Heavy Cruiser,High Tech,highenergyfocus,17,10000,1100,12000,18000,700,175,,55,30,20,15,15,3000,OMNI,,240,0.4,0.7,,,70,150,120,150,3,50,8,250000,4,12,500,0.25,30,30,,,,,,,,"hightech_bp, merc, ind",,0.4,2,4,,
,,,,,,,,,,,,,,,,,,,,,,,,,,,,,,,,,,,,,,,,,,,,,,,,,,,,,
Tribulation,ork_bigscrap_path,Holy Battleship,Luddic Path,bt_safetyoverrides_toggle,28,18500,1650,16000,12500,550,310,2,40,35,18,8,8,3500,FRONT,,140,0.4,1,,,435,950,500,750,14,70,7,350000,5,10,500,0.25,40,40,,,,,,,"ALWAYS_PANIC, NO_AUTO_ESCORT","rare_bp, LP_bp",0.75,0.5,3,6,,4
,ork_tribulation_armor_left,Armor Brace Module,Luddic Path,,1,12000,6500,0,2500,100,0,,0,0,0,10,10,1250,NONE,,0,0,0,,,0,0,0,0,1,0,,500000,,1,,,0,0,,,,,,,"UNBOARDABLE, HIDE_IN_CODEX",restricted,,1,4,8,,4
,ork_tribulation_armor_right,Armor Brace Module,Luddic Path,,1,12000,6500,0,2500,100,0,,0,0,0,10,10,1250,NONE,,0,0,0,,,0,0,0,0,1,0,,500000,,1,,,0,0,,,,,,,"UNBOARDABLE, HIDE_IN_CODEX",restricted,,1,4,8,,4
,,,,,,,,,,,,,,,,,,,,,,,,,,,,,,,,,,,,,,,,,,,,,,,,,,,,,
Despot,ork_despot,Brawler,Low Tech,bt_atomictackle,26,15500,1650,15000,15000,800,240,,30,85,10,20,12,4000,NONE,,,,,,,1,1,300,300,14,30,8,400000,3,15,700,0.25,50,50,,,,,,,SHIP_WITH_MODULES,"no_dealer, no_sell",,0.5,3,4,,
,ork_despot_bicep_right,Arm Module,Low Tech,,0,11500,1850,1000,500,100,10,,0,0,0,0,0,1250,NONE,,,,,,,0,0,0,0,0,0,0,5000,5,20,180,0.25,0,0,,,,,,,"UNBOARDABLE, HIDE_IN_CODEX, SHIP_WITH_MODULES, UNDER_PARENT","module_unselectable, module_hull_bar_only, module_refit_bright",,0.5,2,3,,
,ork_despot_bicep_left,Arm Module,Low Tech,,0,11500,1850,1000,500,100,10,,0,0,0,0,0,1250,NONE,,,,,,,0,0,0,0,0,0,0,5000,5,20,180,0.25,0,0,,,,,,,"UNBOARDABLE, HIDE_IN_CODEX, SHIP_WITH_MODULES, UNDER_PARENT","module_unselectable, module_hull_bar_only, module_refit_bright",,0.5,2,3,,
,ork_despot_fist_right,Fist Module,Low Tech,bt_explosive_punch,0,11500,1850,1000,500,100,10,,0,0,0,0,0,1250,NONE,,,,,,,0,0,0,0,0,0,0,5000,5,20,180,0.25,0,0,,,,,,,"UNBOARDABLE, HIDE_IN_CODEX, SHIP_WITH_MODULES, UNDER_PARENT","module_unselectable, module_hull_bar_only, module_refit_bright",,0.5,2,3,,
,ork_despot_fist_left,Fist Module,Low Tech,bt_explosive_punch,0,11500,1850,1000,500,100,10,,0,0,0,0,0,1250,NONE,,,,,,,0,0,0,0,0,0,0,5000,5,20,180,0.25,0,0,,,,,,,"UNBOARDABLE, HIDE_IN_CODEX, SHIP_WITH_MODULES, UNDER_PARENT","module_unselectable, module_hull_bar_only, module_refit_bright",,0.5,2,3,,
,,,,,,,,,,,,,,,,,,,,,,,,,,,,,,,,,,,,,,,,,,,,,,,,,,,,,
,ork_thrasher_btml_armor,Armor Module,Bultach Coalition,,0,4000,5200,0,0,0,0,,0,0,0,0,0,1000,NONE,,,,,,,0,0,0,0,0,0,0,5000,5,20,180,0.25,0,0,,,,,,,"UNBOARDABLE, HIDE_IN_CODEX, SHIP_WITH_MODULES","module_unselectable, module_hull_bar_only, module_refit_bright",,1,2,3,,
,ork_thrasher_btmr_armor,Armor Module,Bultach Coalition,,0,4000,5200,0,0,0,0,,0,0,0,0,0,1000,NONE,,,,,,,0,0,0,0,0,0,0,5000,5,20,180,0.25,0,0,,,,,,,"UNBOARDABLE, HIDE_IN_CODEX, SHIP_WITH_MODULES","module_unselectable, module_hull_bar_only, module_refit_bright",,1,2,3,,
,ork_thrasher_topl_armor,Armor Module,Bultach Coalition,,0,3250,4050,0,0,0,0,,0,0,0,0,0,500,NONE,,,,,,,0,0,0,0,0,0,0,5000,5,20,180,0.25,0,0,,,,,,,"UNBOARDABLE, HIDE_IN_CODEX, SHIP_WITH_MODULES","module_unselectable, module_hull_bar_only, module_refit_bright",,1,2,3,,
,ork_thrasher_topr_armor,Armor Module,Bultach Coalition,,0,3250,4050,0,0,0,0,,0,0,0,0,0,500,NONE,,,,,,,0,0,0,0,0,0,0,5000,5,20,180,0.25,0,0,,,,,,,"UNBOARDABLE, HIDE_IN_CODEX, SHIP_WITH_MODULES","module_unselectable, module_hull_bar_only, module_refit_bright",,1,2,3,,
,,,,,,,,,,,,,,,,,,,,,,,,,,,,,,,,,,,,,,,,,,,,,,,,,,,,,
,ork_smasha_l,Armor Module,Bultach Coalition,,0,3050,5050,0,0,0,0,,0,0,0,0,0,750,NONE,,,,,,,0,0,0,0,0,0,0,5000,5,20,180,0.25,0,0,,,,,,,"UNBOARDABLE, HIDE_IN_CODEX, SHIP_WITH_MODULES","module_unselectable, module_hull_bar_only, module_refit_bright",,1,2,3,,
,ork_smasha_r,Armor Module,Bultach Coalition,,0,3050,5050,0,0,0,0,,0,0,0,0,0,750,NONE,,,,,,,0,0,0,0,0,0,0,5000,5,20,180,0.25,0,0,,,,,,,"UNBOARDABLE, HIDE_IN_CODEX, SHIP_WITH_MODULES","module_unselectable, module_hull_bar_only, module_refit_bright",,1,2,3,,
,,,,,,,,,,,,,,,,,,,,,,,,,,,,,,,,,,,,,,,,,,,,,,,,,,,,,
,ork_grot_armor,Armor Module,Bultach Coalition,,0,2050,4050,0,0,0,0,,0,0,0,0,0,750,NONE,,,,,,,0,0,0,0,0,0,0,5000,5,20,180,0.25,0,0,,,,,,,"UNBOARDABLE, HIDE_IN_CODEX, SHIP_WITH_MODULES","module_unselectable, module_hull_bar_only, module_refit_bright",,1,3,4,,
,,,,,,,,,,,,,,,,,,,,,,,,,,,,,,,,,,,,,,,,,,,,,,,,,,,,,
#BOUNTIES,,,,,,,,,,,,,,,,,,,,,,,,,,,,,,,,,,,,,,,,,,,,,,,,,,,,,
,,,,,,,,,,,,,,,,,,,,,,,,,,,,,,,,,,,,,,,,,,,,,,,,,,,,,
Alysse (LP),ork_alysse_lp,Fast Battleship,Luddic Path,orion_device,28,14000,1350,10000,0,600,275,,55,21,20,9,12,2200,FRONT,,130,0.4,1.1,,,475,800,250,360,12,30,8,400000,3,14,600,.25,45,45,,,,,,,ALWAYS_PANIC,,,0.4,3,5,,
,,,,,,,,,,,,,,,,,,,,,,,,,,,,,,,,,,,,,,,,,,,,,,,,,,,,,
,,,,,,,,,,,,,,,,,,,,,,,,,,,,,,,,,,,,,,,,,,,,,,,,,,,,,
,,,,,,,,,,,,,,,,,,,,,,,,,,,,,,,,,,,,,,,,,,,,,,,,,,,,,
,,,,,,,,,,,,,,,,,,,,,,,,,,,,,,,,,,,,,,,,,,,,,,,,,,,,,
,,,,,,,,,,,,,,,,,,,,,,,,,,,,,,,,,,,,,,,,,,,,,,,,,,,,,
,,,,,,,,,,,,,,,,,,,,,,,,,,,,,,,,,,,,,,,,,,,,,,,,,,,,,
,,,,,,,,,,,,,,,,,,,,,,,,,,,,,,,,,,,,,,,,,,,,,,,,,,,,,
,,,,,,,,,,,,,,,,,,,,,,,,,,,,,,,,,,,,,,,,,,,,,,,,,,,,,
,,,,,,,,,,,,,,,,,,,,,,,,,,,,,,,,,,,,,,,,,,,,,,,,,,,,,
,,,,,,,,,,,,,,,,,,,,,,,,,,,,,,,,,,,,,,,,,,,,,,,,,,,,,