name,id,designation,tech/manufacturer,system id,fleet pts,hitpoints,armor rating,max flux,8/6/5/4%,flux dissipation,ordnance points,fighter bays,max speed,acceleration,deceleration,max turn rate,turn acceleration,mass,shield type,defense id,shield arc,shield upkeep,shield efficiency,phase cost,phase upkeep,min crew,max crew,cargo,fuel,fuel/ly,range,max burn,base value,cr %/day,CR to deploy,peak CR sec,CR loss/sec,supplies/rec,supplies/mo,hints,tags,logistics n/a reason,codex variant id,rarity,breakProb,minPieces,maxPieces,number
#SHIPS,,,,,,,,,,,,,,,,,,,,,,,,,,,,,,,,,,,,,,# DEPLOY COST,,,,,,,,,,
Exoria,uaf_exoria,Carrier,Auroran Tech,uaf_midway_protocol,14,5600,650,6000,,225,120,3,70,60,60,30,40,600,FRONT,,120,0.65,1.0,,,125,300,115,60,3,,8,123000,4,20,360,0.25,20,20,CARRIER,uaf_ship_bp,,,,0.5,2,5,210
Exoria II (SP),uaf_ai_exoria,Elite Carrier,Advanced Auroran Tech,uaf_defensive_flare,16,7850,500,7500,,285,145,4,80,75,50,45,35,700,OMNI,,80,0.3,0.6,,,75,350,110,50,2.6,,8,205000,3,25,320,0.25,30,30,"CARRIER, NO_AUTO_ESCORT",uaf_ai_ship_bp,,,,0.5,2,5,210
,,,,,,,,,,,,,,,,,,,,,,,,,,,,,,,,,,,,,,,,,,,,,,,,
Minoria,uaf_minoria,Escort Carrier,Auroran Tech,maneuveringjets,11,4275,370,2650,5800,200,60,2,85,65,80,30,30,450,FRONT,,150,0.5,1.0,,,70,140,60,50,2,,9,54500,5,15,360,0.25,12,12,CARRIER,uaf_ship_bp,,,,0.7,2,3,408
Minoria II (SP),uaf_ai_minoria,Elite Escort Carrier,Advanced Auroran Tech,uaf_enh_defensive_flare,14,5150,335,3275,6200,375,80,1,105,70,80,40,35,400,OMNI,,70,0.3,0.5,,,55,140,90,80,1.6,,10,115000,3,18,270,0.25,14,14,CARRIER,uaf_ai_ship_bp,,,,0.7,2,3,408
Minoria (M),uaf_m_minoria,Escort Carrier,Auroran Tech,uaf_midway_protocol,13,4655,475,2950,6150,245,65,1,90,70,70,35,30,500,FRONT,,180,0.4,0.9,,,65,185,70,60,2,,9,75750,5,17,330,0.25,13,13,"CARRIER, NO_AUTO_ESCORT",uaf_m_ship_bp,,,,0.7,2,3,408
,,,,,,,,,,,,,,,,,,,,,,,,,,,,,,,,,,,,,,,,,,,,,,,,
Perwira (M),uaf_m_perwira,Combat Shuttle,Auroran Tech,uaf_flarelauncher,3,910,280,1600,1250,85,25,,130,140,80,60,90,200,FRONT,,180,0.5,0.75,,,4,30,40,20,1,,10,6500,5,15,180,0.25,3,3,,uaf_m_ship_bp,,,,0.7,3,4,208
Perwira II (SP),uaf_ai_perwira,Elite Stealth Shuttle,Experimental Auroran Tech,uaf_entropyamplifier,5,1100,160,1350,1250,90,30,,140,160,100,70,95,180,OMNI,,70,0.3,0.6,,,3,25,50,30,0.7,,11,9750,4,14,240,0.25,6,6,,uaf_ai_ship_bp,,,,0.7,3,4,208
,,,,,,,,,,,,,,,,,,,,,,,,,,,,,,,,,,,,,,,,,,,,,,,,
Nakiha,uaf_nakiha,Frigate Leader,Auroran Tech,uaf_flarelauncher,5,1850,225,2000,4167,225,50,,130,85,80,60,85,200,FRONT,,150,0.4,1.0,,,35,50,40,25,1,,10,24200,7,9,300,0.25,5,5,,uaf_ship_bp,,,,0.4,2,3,205
Nakiha II (SP),uaf_ai_nakiha,Elite Frigate Leader,Advanced Auroran Tech,uaf_royalJets,7,2250,190,3000,4167,300,65,,140,95,100,65,95,210,OMNI,,60,0.2,0.45,,,25,50,40,35,0.8,,11,45000,10,15,300,0.25,7,7,,uaf_ai_ship_bp,,,,0.4,2,3,205
Nakiha (M),uaf_m_nakiha,Frigate Leader,Auroran Tech,uaf_evasive_manujet,6,2000,325,3200,4167,250,65,,120,80,90,65,90,240,FRONT,,180,0.4,0.9,,,30,50,40,25,1,,10,34900,8,10,300,0.25,6,6,,uaf_m_ship_bp,,,,0.4,2,3,205
,,,,,,,,,,,,,,,,,,,,,,,,,,,,,,,,,,,,,,,,,,,,,,,,
Inazuma,uaf_inazuma,Cruiser,Auroran Tech,maneuveringjets,14,8250,775,10200,4167,550,145,,70,60,50,25,60,1500,FRONT,,195,0.5,0.85,,,115,150,135,100,3,,9,82500,4,12,480,0.25,18,18,,uaf_ship_bp,,,,0.5,2,3,300
Inazuma II (M),uaf_m_inazuma,Cruiser,Auroran Tech,ammofeed,16,9200,975,12850,4167,625,165,,65,40,27,35,45,1850,FRONT,,150,0.4,0.75,,,145,170,150,125,3,,9,100050,4,13,480,0.25,20,20,SHIP_WITH_MODULES,uaf_m_ship_bp,,,,0.5,2,3,300
Armor Section (M),uaf_m_inazuma_left_armor,Port Armor Section,Experimental Auroran Tech,,0,600,1500,500,15000,200,0,,0,0,0,0,0,500,NONE,,,,,,,0,0,0,0,1,,,75000,,1,840,0.25,0,0,"UNBOARDABLE, HIDE_IN_CODEX",module_hull_bar_only,,,,1,2,4,506
Armor Section (M),uaf_m_inazuma_right_armor,Starboard Armor Section,Experimental Auroran Tech,,0,600,1500,500,15000,200,0,,0,0,0,0,0,500,NONE,,,,,,,0,0,0,0,1,,,75000,,1,840,0.25,0,0,"UNBOARDABLE, HIDE_IN_CODEX",module_hull_bar_only,,,,1,2,4,506
,,,,,,,,,,,,,,,,,,,,,,,,,,,,,,,,,,,,,,,,,,,,,,,,
Akatsuzuma,uaf_akatsuzuma,Light Cruiser,Auroran Tech,microburn,10,6500,750,6080,4167,420,135,,90,60,50,30,60,600,FRONT,,230,0.5,0.8,,,125,150,120,120,2.5,,10,80000,4,12,480,0.25,15,15,,uaf_ship_bp,,,,0.5,2,3,300
Akatsuzuma II (SP),uaf_ai_akatsuzuma,Elite Light Cruiser,Advanced Auroran Tech,uaf_entropyamplifier,11,8715,550,7000,4167,450,150,,105,70,65,40,70,700,OMNI,,60,0.3,0.45,,,95,120,105,150,2,,10,95000,4,15,480,0.25,18,18,,uaf_ai_ship_bp,,,,0.5,2,3,300
,,,,,,,,,,,,,,,,,,,,,,,,,,,,,,,,,,,,,,,,,,,,,,,,
Lovela,uaf_lovela,Heavy Frigate,Auroran Tech,ammofeed,6,2450,350,2400,4167,165,55,,120,80,80,50,80,300,FRONT,,210,0.5,1.0,,,20,45,45,30,1,,10,8750,6,11,280,0.25,6,6,,uaf_ship_bp,,,,0.5,2,3,300
Lovela II (M),uaf_m_lovela,Heavy Frigate,Auroran Tech,uaf_rangeFinder,7,2000,425,3050,4167,180,65,,115,70,65,43,60,375,FRONT,,180,0.4,0.85,,,25,65,55,43,1.1,,10,10750,8,9,300,0.25,8,8,SHIP_WITH_MODULES,uaf_m_ship_bp,,,,0.5,2,3,300
Armor Section (S),uaf_m_lovela_left_armor,Port Armor Section,Experimental Auroran Tech,,0,500,600,200,15000,200,0,,0,0,0,0,0,200,NONE,,,,,,,0,0,0,0,1,,,75000,,1,840,0.25,0,0,"UNBOARDABLE, HIDE_IN_CODEX",module_hull_bar_only,,,,1,2,4,506
Armor Section (S),uaf_m_lovela_right_armor,Starboard Armor Section,Experimental Auroran Tech,,0,500,600,200,15000,200,0,,0,0,0,0,0,200,NONE,,,,,,,0,0,0,0,1,,,75000,,1,840,0.25,0,0,"UNBOARDABLE, HIDE_IN_CODEX",module_hull_bar_only,,,,1,2,4,506
,,,,,,,,,,,,,,,,,,,,,,,,,,,,,,,,,,,,,,,,,,,,,,,,
,,,,,,,,,,,,,,,,,,,,,,,,,,,,,,,,,,,,,,,,,,,,,,,,
Lyora (MP),uaf_lyora_prototype,Prototype Destroyer,Experimental Auroran Tech,uaf_royalJets,10,4550,550,4200,4167,280,80,,100,70,50,35,45,500,FRONT,,165,0.435,0.9,,,55,95,80,60,2,,9,50000,4,15,400,0.25,16,16,,uaf_prototype_bp,,,,0.5,2,3,300
Pr. Super Nakiha (MP),uaf_super_nakiha_prototype,Destroyer Leader,Advanced Auroran Tech,uaf_dimensional_drift,13,4725,510,4750,4167,310,100,,110,80,65,40,40,560,FRONT,,180,0.4,0.8,,,60,100,95,75,2,,9,66550,4,15,380,0.25,18,18,,uaf_prototype_bp,,,,0.4,2,3,205
Seiichi (M),uaf_m_seiichi,Heavy Destroyer,Auroran Tech,uaf_evasive_manujet,11,5750,600,5800,4167,300,105,,80,65,35,30,32,550,FRONT,,155,0.4,1.1,,,70,110,90,70,2.2,,9,50000,5,11,420,0.25,12,12,,uaf_m_ship_bp,,,,0.5,2,3,300
Seiichi Kai (M),uaf_m_seiichi_kai,Destroyer Leader,Auroran Tech,uaf_fusoDrive,15,6250,700,6550,4167,400,135,,58,55,20,25,26,650,FRONT,,160,0.5,1,,,95,135,115,110,2.5,,10,72750,6,20,480,0.25,20,20,,uaf_military_rare_bp,,,,0.5,2,3,300
Vaharagiri (SP),uaf_ai_vaharagiri,Light Destroyer,Advanced Auroran Tech,uaf_concord_sys,10,4500,350,4000,4167,430,105,,88,70,70,40,40,450,OMNI,,120,0.285,0.7,,,50,80,70,70,3,,9,45000,4,12,420,0.25,11,11,,uaf_ai_ship_bp,,,,0.5,2,3,300
Vachasya (SP),uaf_ai_vachasya,Destroyer Leader,Advanced Auroran Tech,uaf_concord_sys,13,5500,400,5575,4167,500,120,,80,65,65,35,35,600,OMNI,,140,0.285,0.6,,,70,100,115,115,3.3,,9,85750,3,14,500,0.25,14,14,,uaf_automata_rare_bp,,,,0.5,2,3,300
,,,,,,,,,,,,,,,,,,,,,,,,,,,,,,,,,,,,,,,,,,,,,,,,
Straffia,uaf_straffia,Drone Destroyer,Auroran Tech,uaf_evasive_manujet,9,3750,265,4200,4167,250,70,,100,75,50,35,35,500,FRONT,,180,0.6,1,,,50,60,65,65,2,,9,45000,6,15,325,0.25,13,13,,uaf_ship_bp,,,,0.4,2,3,205
Moraffia,uaf_moraffia,Drone Destroyer,Auroran Tech,uaf_acceleratedMissileRack,11,5000,300,4500,4167,280,100,2,70,60,30,30,30,800,FRONT,,150,0.5,1.0,,,115,150,100,60,3,,9,55000,4,12,520,0.25,15,15,,uaf_ship_bp,,,,0.5,2,3,300
Moraffia II (SE),uaf_moraffia_ii,Exploration Ship,Experimental Auroran Tech,maneuveringjets,12,4250,350,4800,4167,300,110,2,65,55,28,28,30,850,FRONT,,150,0.5,1.0,,,90,180,200,100,3,,9,65000,4,12,520,0.25,16,16,,uaf_prototype_bp,,,,0.5,2,3,300
,,,,,,,,,,,,,,,,,,,,,,,,,,,,,,,,,,,,,,,,,,,,,,,,
,,,,,,,,,,,,,,,,,,,,,,,,,,,,,,,,,,,,,,,,,,,,,,,,
Sentry (CY/MP),uaf_cy_sentry,Elite Artillery Cruiser,Experimental Auroran Tech,ammofeed,24,9400,600,6000,900,600,80,,75,45,100,20,18,575,OMNI,,75,0.45,0.65,,,65,110,110,80,3.5,,9,176000,4,15,480,0.1,20,20,,uaf_prototype_bp,,,,0.5,2,2,220
Sentry (M),uaf_m_sentry,Artillery Cruiser,Experimental Auroran Tech,ammofeed,22,8750,800,7200,850,750,65,,60,35,80,15,10,700,FRONT,,120,0.5,0.8,,,75,220,175,110,5,,8,155000,6,18,480,0.15,16,16,,uaf_standard_rare_bp,,,,0.5,2,2,220
,,,,,,,,,,,,,,,,,,,,,,,,,,,,,,,,,,,,,,,,,,,,,,,,
Rama,uaf_rama_corvette,Corvette,Auroran Tech,uaf_flarelauncher,4,1350,320,2250,200,150,45,,145,130,100,60,120,200,FRONT,,200,0.5,0.7,,,15,30,50,20,1,,10,16500,10,10,230,0.25,5,5,,uaf_ship_bp,,,,0.5,2,2,200
Rama II (SP),uaf_ai_rama_corvette,Elite Corvette,Experimental Auroran Tech,plasmajets,6,1825,275,3000,220,200,60,,160,135,110,60,120,210,OMNI,,100,0.35,0.5,,,8,30,50,25,0.8,,12,55535,4.5,15,200,0.25,7,7,,uaf_ai_ship_bp,,,,0.5,2,2,200
,,,,,,,,,,,,,,,,,,,,,,,,,,,,,,,,,,,,,,,,,,,,,,,,
,,,,,,,,,,,,,,,,,,,,,,,,,,,,,,,,,,,,,,,,,,,,,,,,
Neuxoria II (SP),uaf_ai_neuxoria,Elite Fleet Supercarrier,Advanced Auroran Tech,uaf_targetingfeed,32,18500,1300,18000,15000,900,320,6,48,30,15,10,12,4000,OMNI,,95,0.485,0.75,,,650,1500,450,450,8,,8,650000,2.5,20,590,0.25,60,60,CARRIER,uaf_automata_rare_bp,,,,0,1,3,502
,,,,,,,,,,,,,,,,,,,,,,,,,,,,,,,,,,,,,,,,,,,,,,,,
Zepporia III (M),uaf_m_zepporia,Fleet Supercarrier,Auroran Tech,uaf_enh_defensive_flare,28,19850,2100,21500,15000,950,360,5,28,25,28,5,7,4500,FRONT,,180,0.575,0.85,,,850,1500,450,450,8.5,,7,645500,5,20,800,0.25,55,55,"CARRIER, COMBAT, SHIP_WITH_MODULES",uaf_military_rare_bp,,,,0,1,3,502
Armor Section (ZS),uaf_m_zepporia_armor_1,Armor Section,Experimental Auroran Tech,,0,700,800,200,15000,200,0,,0,0,0,0,0,500,NONE,,,,,,,0,0,0,0,1,,,75000,,1,840,0.25,0,0,"UNBOARDABLE, HIDE_IN_CODEX",module_hull_bar_only,,,,1,2,4,506
Armor Section (L),uaf_m_zepporia_left_armor,Armor Section,Experimental Auroran Tech,,0,850,1100,200,15000,200,0,,0,0,0,0,0,500,NONE,,,,,,,0,0,0,0,1,,,75000,,1,840,0.25,0,0,"UNBOARDABLE, HIDE_IN_CODEX",module_hull_bar_only,,,,1,2,4,506
Armor Section (L),uaf_m_zepporia_right_armor,Armor Section,Experimental Auroran Tech,,0,850,1100,200,15000,200,0,,0,0,0,0,0,500,NONE,,,,,,,0,0,0,0,1,,,75000,,1,840,0.25,0,0,"UNBOARDABLE, HIDE_IN_CODEX",module_hull_bar_only,,,,1,2,4,506
,,,,,,,,,,,,,,,,,,,,,,,,,,,,,,,,,,,,,,,,,,,,,,,,
Constelyria (SBR),uaf_sbr_constelyria,Supercarrier,Captured Auroran Tech,recalldevice,30,14000,1500,11750,15000,1080,250,5,32,10,30,7,5,3260,FRONT,,150,0.5,0.9,,,695,1100,300,250,8.5,,7,600000,3,10,600,0.25,58,58,"CARRIER, COMBAT",uaf_prototype_bp,,,,0,1,3,502
Mooparia (YRN),uaf_yrn_mooparia,Royal Fleet Supercarrier,Advanced Auroran Tech,uaf_targetingfeed,35,18500,1750,15000,15000,850,250,4,35,30,15,10,12,4000,OMNI,,95,0.485,0.75,,,800,1700,500,600,9,45,7,700000,2.5,20,800,0.25,60,60,"CARRIER, SHIP_WITH_MODULES, HIDE_IN_CODEX",uaf_elite_bp,,,,0,1,3,502
,uaf_yrn_mooparia_module,Support Deck Section,Advanced Auroran Tech,uaf_enh_defensive_flare,0,7000,1000,10000,23000,1250,150,4,0,0,0,0,0,5000,NONE,,0,0.1,1,,,0,0,0,0,1,0,,75000,,1,840,0.25,0,0,"UNBOARDABLE, HIDE_IN_CODEX",module_hull_bar_only,,,,1,2,4,506
,,,,,,,,,,,,,,,,,,,,,,,,,,,,,,,,,,,,,,,,,,,,,,,,
Novayu (M),uaf_novayu,Frigate,Auroran Tech,uaf_acceleratedMissileRack,5,1600,325,1875,4167,170,50,,125,90,120,60,60,220,FRONT,,210,0.5,0.9,,,20,55,30,20,1,,10,20000,6,10,200,0.25,6,6,,uaf_ship_bp,,,,0.5,2,3,300
,,,,,,,,,,,,,,,,,,,,,,,,,,,,,,,,,,,,,,,,,,,,,,,,
Rillaru,uaf_rillaru,Battlecruiser,Auroran Tech,maneuveringjets,24,11500,1050,18000,15500,1150,250,1,75,35,60,10,12,2650,FRONT,,180,0.4,0.95,,,400,825,270,500,8,,8,320000,4,18,720,0.25,45,45,,uaf_standard_rare_bp,,,,0.5,1,2,503
Rillaru II (SP),uaf_ai_rillaru,Elite Battlecruiser,Advanced Auroran Tech,uaf_rim_breaker_jets,30,17575,800,21555,16000,1450,290,2,85,40,80,15,20,2450,OMNI,,115,0.325,0.7,,,325,700,225,650,7,,9,557575,3.5,20,720,0.25,47,47,,uaf_automata_rare_bp,,,,0.5,1,2,503
,,,,,,,,,,,,,,,,,,,,,,,,,,,,,,,,,,,,,,,,,,,,,,,,
Aeria Charlotte (YRN),uaf_yrn_aeria_charlotte,Royal Battlecruiser,Advanced Auroran Tech,uaf_royalJets,30,12000,1250,20000,16000,1250,270,0,65,23,80,15,15,2675,OMNI,,90,0.4,0.8,,,325,675,200,500,7,,9,950500,6,15,720,0.25,50,50,"SHIP_WITH_MODULES, HIDE_IN_CODEX",uaf_elite_bp,,,,0.5,1,2,503
Nonayen (YRN),uaf_yrn_nonayen,Hybrid Battlecruiser,Nova Drive Yards R&D,uaf_entropyamplifier,30,16000,725,19575,16000,1100,210,0,50,25,55,20,30,2550,FRONT,,90,0.225,0.5,,,270,600,220,650,8,,7,850850,5,23,720,0.25,55,55,HIDE_IN_CODEX,uaf_elite_bp,,,,0.5,1,2,503
Black Sorceress (SP),uaf_ai_black_sorceress,Elite Battlecruiser,Advanced Auroran Tech,uaf_sorceress_incantation_sequence,32,14575,790,22200,16000,1500,300,1,48,28,37,10,9,2675,OMNI,,115,0.75,0.8,,,350,650,225,300,8,,9,880880,3,25,720,0.25,57,57,"SHIP_WITH_MODULES, HIDE_IN_CODEX",uaf_elite_bp,,,,0.5,1,2,503
,,,,,,,,,,,,,,,,,,,,,,,,,,,,,,,,,,,,,,,,,,,,,,,,
Purcellyra (M),uaf_purcellyra,Missile Battlecruiser,Advanced Auroran Tech,uaf_acceleratedMissileRack,30,15500,1340,15750,13500,700,225,,40,35,25,10,10,2800,FRONT,,180,0.4,0.85,,,430,580,335,350,10,,7,520000,4,15,720,0.25,55,45,,uaf_military_rare_bp,,,,0.5,1,2,503
Persephone Natasya (YRN),uaf_yrn_persephone_natasya,Royal Battlecruiser,Advanced Auroran Tech,uaf_acceleratedMissileRack,32,16750,1475,24500,13500,900,260,,50,35,45,15,10,2975,OMNI,,115,0.425,0.8,,,485,560,295,300,10,,7,1165000,8,15,720,0.25,75,55,SHIP_WITH_MODULES,uaf_elite_bp,,,,0.5,1,2,503
,,,,,,,,,,,,,,,,,,,,,,,,,,,,,,,,,,,,,,,,,,,,,,,,
Lillaru,uaf_lillaru,Heavy Cruiser,Auroran Tech,maneuveringjets,14,9200,900,10850,13000,560,170,,70,50,35,20,20,1300,FRONT,,200,0.5,0.9,,,180,300,150,160,3.5,,8,120050,4,12,520,0.25,22,22,,uaf_standard_rare_bp,,,,0.5,1,2,503
Lillaru (IRS),uaf_hg_lillaru,Heavy Cruiser,Captured Auroran Tech,plasmajets,16,8525,1000,11950,13000,600,180,,66,45,40,18,20,1400,FRONT,,135,0.45,0.8,,,200,320,120,195,4,,9,168000,4.5,16,570,0.25,25,25,,uaf_prototype_bp,,,,0.5,1,2,503
Lillaru II (SP),uaf_ai_lillaru,Elite Heavy Cruiser,Advanced Auroran Tech,uaf_evasive_manujet,17,10675,775,13245,13000,655,180,,76,60,50,25,20,1400,OMNI,,110,0.35,0.6,,,115,230,150,210,3.2,,9,250550,3,20,595,0.25,35,30,,uaf_automata_rare_bp,,,,0.5,1,2,503
Mary Yi-Su (YRN),uaf_yrn_mary_su,Converted Cruiser,Advanced Auroran Tech,uaf_targetingfeed,18,9775,830,9500,13000,620,165,1,75,45,40,25,20,1400,OMNI,,90,0.45,0.9,,,100,450,150,160,3,,9,275000,4.5,20,620,0.25,25,25,"SHIP_WITH_MODULES, HIDE_IN_CODEX",uaf_elite_bp,,,,0.5,1,2,503
,,,,,,,,,,,,,,,,,,,,,,,,,,,,,,,,,,,,,,,,,,,,,,,,
Procastria (MP),uaf_procastria_prototype,Prototype Cruiser,Experimental Auroran Tech,uaf_royalBurn,16,16575,1150,9000,,550,200,,40,26,26,16,20,2000,PHASE,uaf_damper,,,,,,200,270,150,200,4.7,,8,180800,6,14,540,0.25,27,27,"WEAPONS_FRONT_TO_BACK, SHIP_WITH_MODULES",uaf_prototype_bp,,,0.5,0.5,2,3,
Ularaya (MP),uaf_ularaya_prototype,Prototype Cruiser,Nova Drive Yards R&D,uaf_mirage_swarm,18,7275,795,6000,,550,120,1,75,48,45,20,20,1100,OMNI,,105,0.335,0.73,,,150,240,120,100,3,,8,200200,3,20,500,0.25,24,24,WEAPONS_FRONT_TO_BACK,"uaf_prototype_bp, restricted, no_dealer, no_sell, nex_buy_ship_mission_exclude",,,0.5,,,,
,,,,,,,,,,,,,,,,,,,,,,,,,,,,,,,,,,,,,,,,,,,,,,,,
Maisya (SP),uaf_ai_maisya,Elite Fast Cruiser,Advanced Auroran Tech,uaf_syncoreFocus,18,11500,600,9850,13000,650,155,,90,60,45,40,25,1015,OMNI,,95,0.35,0.6,,,165,180,80,160,2.5,,10,285000,3,20,595,0.25,30,30,,uaf_automata_rare_bp,,,,0.5,1,2,503
Sunami (MP),uaf_sunami_prototype,Prototype ASTL Cruiser,Experimental Auroran Tech,fastmissileracks,15,5850,600,6000,,420,130,2,65,80,60,35,30,600,OMNI,,120,0.6,1.0,,,150,450,80,100,3,,8,145575,4,12,360,0.25,20,20,"CARRIER, COMBAT, TRANSPORT",uaf_prototype_bp,,,,0.5,2,5,210
,,,,,,,,,,,,,,,,,,,,,,,,,,,,,,,,,,,,,,,,,,,,,,,,
Shinoria,uaf_shinoria,Aviation Cruiser,Auroran Tech,uaf_targetingfeed,15,7000,525,6500,,350,150,2,70,35,25,25,8,1000,FRONT,,150,0.5,1.0,,,170,475,100,155,3.5,,8,133000,4,12,380,0.25,20,20,"CARRIER, COMBAT, NO_AUTO_ESCORT",uaf_standard_rare_bp,,,,0.5,2,5,210
Shinoria II (M),uaf_m_shinoria,Aviation Cruiser,Auroran Tech,uaf_targetingfeed,17,6890,775,8000,,420,180,1,55,28,20,18,6,1675,FRONT,,210,0.425,0.9,,,200,555,85,185,4,,9,187575,4,16,480,0.25,24,24,"CARRIER, COMBAT, NO_AUTO_ESCORT",uaf_military_rare_bp,,,,0.5,2,5,210
,,,,,,,,,,,,,,,,,,,,,,,,,,,,,,,,,,,,,,,,,,,,,,,,
Reisen,uaf_reisen,Battleship,Auroran Tech,uaf_rangeFinder,25,11000,1325,20000,15000,1000,290,,35,20,20,6,7,2800,FRONT,,120,0.45,1,,,455,580,310,300,8,,8,325000,3,12,600,0.25,40,40,,uaf_standard_rare_bp,,,,0.5,1,2,503
Reisen II (M),uaf_m_reisen,Battleship,Auroran Tech,uaf_royalBurn,28,15575,1560,26250,15000,900,340,,28,12,16,5,4,3250,FRONT,,185,0.42,0.95,,,550,1200,380,480,9.5,,7,385755,4,15,720,0.25,44,44,SHIP_WITH_MODULES,uaf_military_rare_bp,,,,0.5,1,2,503
Armor Section (M),uaf_m_reisen_armor,Armor Section,Experimental Auroran Tech,,0,1100,700,200,15000,200,0,,0,0,0,0,0,300,NONE,,,,,,,0,0,0,0,1,,,75000,,1,840,0.25,0,0,"UNBOARDABLE, HIDE_IN_CODEX",module_hull_bar_only,,,,1,2,4,506
,,,,,,,,,,,,,,,,,,,,,,,,,,,,,,,,,,,,,,,,,,,,,,,,
Isenoria II (MP),uaf_m_isenoria,Prototype Battlecarrier,Experimental Auroran Tech,uaf_rafflesya_drone,20,14850,1250,24800,1900,950,280,1,29,13,18,6,7,3300,FRONT,,165,0.435,1,,,400,450,200,220,9,,7,524000,3,30,696,0.25,47,47,"CARRIER, COMBAT, NO_AUTO_ESCORT, SHIP_WITH_MODULES",uaf_prototype_bp,,,,0.5,2,3,300
,uaf_m_isenoria_left_hangar,Port Hangar Section,Experimental Auroran Tech,uaf_enh_defensive_flare,0,7000,1000,10000,23000,300,80,2,0,0,0,0,0,5000,NONE,,0,0.1,1,,,0,0,0,0,1,0,,75000,,1,840,0.25,0,0,"UNBOARDABLE, HIDE_IN_CODEX",module_hull_bar_only,,,,1,2,4,506
,uaf_m_isenoria_right_hangar,Starboard Hangar Section,Experimental Auroran Tech,uaf_enh_defensive_flare,0,7000,1000,10000,23000,300,80,2,0,0,0,0,0,5000,NONE,,0,0.1,1,,,0,0,0,0,1,0,,75000,,1,840,0.25,0,0,"UNBOARDABLE, HIDE_IN_CODEX",module_hull_bar_only,,,,1,2,4,506
,,,,,,,,,,,,,,,,,,,,,,,,,,,,,,,,,,,,,,,,,,,,,,,,
Fusoreina II (MP),uaf_m_fusoreina,Prototype Battleship,Experimental Auroran Tech,uaf_fusoDrive,30,14750,1175,17500,1872,600,320,,25,30,40,6,8,3550,PHASE,uaf_damper,,,,,,600,1125,325,485,18,,7,421500,3,20,720,0.25,42,42,SHIP_WITH_MODULES,uaf_prototype_bp,,,,0.5,2,3,300
Armor Section (L),uaf_m_fusoreina_larmor,Port Armor Section,Experimental Auroran Tech,,0,1100,1800,200,15000,200,0,,0,0,0,0,0,450,NONE,,,,,,,0,0,0,0,1,,,75000,,1,840,0.25,0,0,"UNBOARDABLE, HIDE_IN_CODEX",module_hull_bar_only,,,,1,2,4,506
Armor Section (L),uaf_m_fusoreina_rarmor,Starboard Armor Section,Experimental Auroran Tech,,0,1100,1800,200,15000,200,0,,0,0,0,0,0,450,NONE,,,,,,,0,0,0,0,1,,,75000,,1,840,0.25,0,0,"UNBOARDABLE, HIDE_IN_CODEX",module_hull_bar_only,,,,1,2,4,506
,,,,,,,,,,,,,,,,,,,,,,,,,,,,,,,,,,,,,,,,,,,,,,,,
,,,,,,,,,,,,,,,,,,,,,,,,,,,,,,,,,,,,,,,,,,,,,,,,
Seniraja,uaf_seniraja,Heavy Cruiser,Auroran Tech,maneuveringjets,15,12000,1100,13000,15000,500,160,,55,30,28,15,12,1675,FRONT,,150,0.5,1.1,,,210,335,180,100,4,,8,134555,4,11,490,0.25,26,26,,uaf_standard_rare_bp,,,,0.5,1,2,503
Seniraja II (M),uaf_m_seniraja,Heavy Cruiser,Auroran Tech,plasmajets,17,14750,1400,14555,15000,550,190,,42,22,18,12,10,1975,FRONT,,210,0.55,1,,,240,385,225,90,5,,7,165000,3,14,490,0.25,32,32,SHIP_WITH_MODULES,uaf_military_rare_bp,,,,0.5,1,2,503
,,,,,,,,,,,,,,,,,,,,,,,,,,,,,,,,,,,,,,,,,,,,,,,,
,,,,,,,,,,,,,,,,,,,,,,,,,,,,,,,,,,,,,,,,,,,,,,,,
Machi APA (M),uaf_m_machi_apa,Troop Transport,Auroran Tech,,8,5000,300,2250,1833,110,55,2,40,30,20,10,8,800,OMNI,,90,0.5,0.8,,,55,970,420,220,2,,7,46500,5,15,360,0.25,12,12,"CIVILIAN, TRANSPORT, UNDER_PARENT",uaf_m_ship_bp,,,,0.5,2,3,307
,,,,,,,,,,,,,,,,,,,,,,,,,,,,,,,,,,,,,,,,,,,,,,,,
Sekai,uaf_sekai_s,S-Tanker,Auroran Tech,maneuveringjets,6,2250,400,1800,1250,180,45,,55,36,50,30,15,575,OMNI,,90,0.55,1.2,,,15,30,15,900,2,,8,24200,6,20,360,0.25,6,6,"CIVILIAN, TANKER",uaf_ship_bp,,,,0.7,2,4,209
Wo,uaf_wo_m,M-Tanker,Auroran Tech,microburn,9,6000,745,4000,2750,220,60,,50,32,45,16,12,1675,OMNI,,120,0.5,1.2,,,35,50,50,1475,3,,7,48000,4,20,500,0.25,8,8,"CIVILIAN, TANKER",uaf_ship_bp,,,,0.7,2,4,209
Tsutsumu,uaf_tsutsumu_l,L-Tanker,Auroran Tech,burndrive,12,11575,1400,9500,4500,400,120,1,35,18,10,10,15,5000,OMNI,,150,0.45,1.3,,,40,120,300,3500,5,,6,86200,5,20,720,0.25,15,15,"CIVILIAN, TANKER",uaf_standard_rare_bp,,,,0.7,2,4,209
,,,,,,,,,,,,,,,,,,,,,,,,,,,,,,,,,,,,,,,,,,,,,,,,
Junyo Delta,uaf_junyo_delta,L-Freighter,Auroran Tech,burndrive,15,9000,800,7500,5000,300,70,,30,12,10,8,12,3200,OMNI,,45,0.55,1,,,55,125,2250,440,5,,6,77500,5,20,720,0.25,12,12,"CIVILIAN, FREIGHTER",uaf_standard_rare_bp,,,,0.7,2,4,209
Miyo Juliet,uaf_miyo_juliet,M-Freighter,Auroran Tech,microburn,8,6500,450,3000,3500,270,55,,45,22,18,12,15,1850,OMNI,,65,0.55,1.2,,,35,225,1000,200,3,,7,42575,4,20,500,0.25,8,8,"CIVILIAN, FREIGHTER",uaf_ship_bp,,,,0.3,2,4,209
Supolev Alpha,uaf_supolev_alpha,S-Freighter,Auroran Tech,microburn,4,2000,370,1500,2500,130,32,,145,155,80,90,100,320,OMNI,,90,0.4,0.8,,,15,55,225,125,0.8,,10,8750,4,20,320,0.25,4,4,"CIVILIAN, FREIGHTER",uaf_ship_bp,,,,0.8,2,4,209
Nebula Bravo (M),uaf_m_nebula_bravo,L-Freighter,Experimental Auroran Tech,uaf_fusoDrive,13,10000,700,7000,5000,375,85,1,36,16,10,11,13,3000,OMNI,,80,0.5,0.8,,,50,100,1800,520,5,,8,82000,4,18,700,0.25,15,15,"CIVILIAN, FREIGHTER",uaf_military_rare_bp,,,,0.7,2,4,502
,,,,,,,,,,,,,,,,,,,,,,,,,,,,,,,,,,,,,,,,,,,,,,,,
Scinaut (SE),uaf_scinaut_suv,Research Vessel,Auroran Tech,uaf_flarelauncher,5,5000,500,4500,450,300,40,1,65,40,30,15,20,1000,FRONT,,150,0.5,1,,,20,200,200,20,3,,8,132000,4,12,480,0.25,8,8,"CIVILIAN, TRANSPORT, LINER",uaf_standard_rare_bp,,,,1,3,3,199
Osela (SE),uaf_osela_suv,Destroyer,Auroran Tech,uaf_flarelauncher,5,2000,275,2750,450,160,70,,80,30,20,20,15,450,OMNI,,90,0.6,1.0,,,10,90,100,90,1,,9,42575,5,12,320,0.25,5,5,,uaf_ship_bp,,,,1,3,3,199
Eyeseau (SE),uaf_eyeseau,Auxillary Vessel,Advanced Auroran Tech,uaf_high_alert,18,12000,600,14444,450,850,180,1,35,20,10,12,10,3000,OMNI,,140,0.5,1.3,,,200,650,300,475,7,,8,275000,5,20,720,0.25,32,32,"CARRIER, SHIP_WITH_MODULES","uaf_military_rare_bp, uaf_eyeseau_omniscanner",,,,1,3,3,199
,uaf_eyeseau_front_ecm,Bow Jamming Pod,Advanced Auroran Tech,uaf_emp,0,1500,1000,10800,28000,450,0,,0,0,0,0,0,100,NONE,,0,0.1,2.5,,,0,0,0,0,1,,,75000,,1,840,0.25,0,0,"UNBOARDABLE, HIDE_IN_CODEX",module_hull_bar_only,,,,1,2,4,506
,uaf_eyeseau_rear_ecm,Stern Jamming Pod,Advanced Auroran Tech,uaf_emp,0,1500,1500,10800,28000,450,0,,0,0,0,0,0,100,NONE,,0,0.1,2.5,,,0,0,0,0,1,,,75000,,1,840,0.25,0,0,"UNBOARDABLE, HIDE_IN_CODEX",module_hull_bar_only,,,,1,2,4,506
,uaf_eyeseau_left_tgt,Port Targeting Pod,Advanced Auroran Tech,uaf_eyeseau_laser_tgt,0,800,850,10800,28000,450,0,,0,0,0,0,0,100,NONE,,0,0.1,2.5,,,0,0,0,0,1,,,75000,,1,840,0.25,0,0,"UNBOARDABLE, HIDE_IN_CODEX",module_hull_bar_only,,,,1,2,4,506
,uaf_eyeseau_right_tgt,Starboard Targeting Pod,Advanced Auroran Tech,uaf_eyeseau_laser_tgt,0,800,850,10800,28000,450,0,,0,0,0,0,0,100,NONE,,0,0.1,2.5,,,0,0,0,0,1,,,75000,,1,840,0.25,0,0,"UNBOARDABLE, HIDE_IN_CODEX",module_hull_bar_only,,,,1,2,4,506
,,,,,,,,,,,,,,,,,,,,,,,,,,,,,,,,,,,,,,,,,,,,,,,,
#SUPER CAPITALS,,,,,,,,,,,,,,,,,,,,,,,,,,,,,,,,,,,,,,,,,,,,,,,,
Roria Esvernia (SP),uaf_supercap_roria_esvernia,Elite Battleship,Advanced Auroran Tech,uaf_fortress_protocol,50,25250,2600,25250,15000,1595,350,2,30,20,40,5,4,5000,OMNI,,120,0.45,0.6,,,450,700,200,500,13,50,6,2525252,2.5,20,1080,0.25,75,75,HIDE_IN_CODEX,"uaf_elite_bp, no_bp_drop, restricted, no_drop_salvage, no_dealer, nex_buy_ship_mission_exclude",,,,0.5,1,2,503
,,,,,,,,,,,,,,,,,,,,,,,,,,,,,,,,,,,,,,,,,,,,,,,,
Solvernia (YRN),uaf_supercap_slv_core,Flagship,Advanced Auroran Tech,uaf_supercap_royaljets,100,22000,3750,45000,31250,1500,305,2,50,5,10,3,3,6000,OMNI,,120,0.5,1.7,,,2500,4500,1500,1500,35,60,5,100000090,2,10,1080,0.45,130,130,"HIDE_IN_CODEX, SHIP_WITH_MODULES","uaf_elite_bp, no_bp_drop, restricted, no_drop_salvage, no_dealer, nex_buy_ship_mission_exclude",,,5,0.3,3,5,505
,uaf_supercap_slv_fore_left,Port Defense Section,Advanced Auroran Tech,uaf_rangeFinder,0,14500,2000,10800,15000,590,65,,0,0,0,0,0,5000,FRONT,,0,0.1,1,,,0,0,0,0,1,0,,75000,,1,840,0.25,0,0,"UNBOARDABLE, HIDE_IN_CODEX",module_hull_bar_only,,,,1,2,4,506
,uaf_supercap_slv_fore_right,Starboard Defense Section,Advanced Auroran Tech,uaf_rangeFinder,0,14500,2000,10800,15000,590,65,,0,0,0,0,0,5000,FRONT,,0,0.1,1,,,0,0,0,0,1,0,,75000,,1,840,0.25,0,0,"UNBOARDABLE, HIDE_IN_CODEX",module_hull_bar_only,,,,1,2,4,506
,,,,,,,,,,,,,,,,,,,,,,,,,,,,,,,,,,,,,,,,,,,,,,,,
,uaf_supercap_slv_engine_left,Port Engine Section,Advanced Auroran Tech,uaf_mini_drone_pd,0,19950,1000,10800,28000,450,60,,0,0,0,0,0,5000,NONE,,0,0.1,1,,,0,0,0,0,1,0,,75000,,1,840,0.25,0,0,"UNBOARDABLE, HIDE_IN_CODEX",module_hull_bar_only,,,,1,2,4,506
,uaf_supercap_slv_engine_right,Starboard Engine Section,Advanced Auroran Tech,uaf_mini_drone_pd,0,19950,1000,10800,28000,450,60,,0,0,0,0,0,5000,NONE,,0,0.1,1,,,0,0,0,0,1,0,,75000,,1,840,0.25,0,0,"UNBOARDABLE, HIDE_IN_CODEX",module_hull_bar_only,,,,1,2,4,506
,,,,,,,,,,,,,,,,,,,,,,,,,,,,,,,,,,,,,,,,,,,,,,,,
Armor Section (SLV),uaf_xl_reflecta_left,Armor Section,Experimental Auroran Tech,,0,2000,6000,200,15000,200,0,,0,0,0,0,0,500,NONE,,,,,,,0,0,0,0,1,0,,75000,,1,840,0.25,0,0,"UNBOARDABLE, HIDE_IN_CODEX",module_hull_bar_only,,,,1,2,4,506
Armor Section (SLV),uaf_xl_reflecta_right,Armor Section,Experimental Auroran Tech,,0,2000,6000,200,15000,200,0,,0,0,0,0,0,500,NONE,,,,,,,0,0,0,0,1,0,,75000,,1,840,0.25,0,0,"UNBOARDABLE, HIDE_IN_CODEX",module_hull_bar_only,,,,1,2,4,506
,,,,,,,,,,,,,,,,,,,,,,,,,,,,,,,,,,,,,,,,,,,,,,,,
Novaeria (SP),uaf_supercap_nvi_core,Flagship,Advanced Auroran Tech,uaf_targetingfeed,120,26000,2000,30000,31250,1800,350,2,37,6,10,4,4,5000,OMNI,,80,0.45,1,,,1715,8000,2750,3315,20,60,7,100000090,3,20,1080,0.45,150,150,"HIDE_IN_CODEX, SHIP_WITH_MODULES","uaf_elite_bp, restricted, no_drop, no_drop_salvage, no_dealer, no_sell, nex_buy_ship_mission_exclude",,,5,0.3,3,5,505
,uaf_supercap_nvi_left_section,Port Hangar Section,Advanced Auroran Tech,uaf_enh_defensive_flare,0,16500,1000,10000,23000,800,180,3,0,0,0,0,0,5000,NONE,,0,0.1,1,,,0,0,0,0,1,0,,75000,,1,840,0.25,0,0,"UNBOARDABLE, HIDE_IN_CODEX",module_hull_bar_only,,,,1,2,4,506
,uaf_supercap_nvi_right_section,Starboard Hangar Section,Advanced Auroran Tech,uaf_enh_defensive_flare,0,16500,1000,10000,23000,800,180,3,0,0,0,0,0,5000,NONE,,0,0.1,1,,,0,0,0,0,1,0,,75000,,1,840,0.25,0,0,"UNBOARDABLE, HIDE_IN_CODEX",module_hull_bar_only,,,,1,2,4,506
,uaf_supercap_nvi_ewac_section,Advanced Support Section,Advanced Auroran Tech,uaf_high_alert,0,20000,850,25000,28000,800,110,2,0,0,0,0,0,5000,NONE,,0,0.1,1,,,0,0,0,0,1,0,,75000,,1,840,0.25,0,0,"UNBOARDABLE, HIDE_IN_CODEX",module_hull_bar_only,,,,1,2,4,506
,,,,,,,,,,,,,,,,,,,,,,,,,,,,,,,,,,,,,,,,,,,,,,,,
Neoyselif Romeo (M),uaf_neoyselif_romeo,XL-Freighter,Advanced Auroran Tech,uaf_fusoDrive,28,20000,2000,7000,5000,750,180,1,55,7,8,4,4,4500,PHASE,uaf_damper,80,0.4,0.65,,,100,150,10000,2250,15,50,6,12000000,2,25,840,0.25,60,60,"CIVILIAN, FREIGHTER, SHIP_WITH_MODULES","uaf_elite_bp, restricted, no_drop, no_drop_salvage, no_dealer, nex_buy_ship_mission_exclude",,,,0.7,2,4,502
Armor Section (XLM),uaf_neoyselif_romeo_armor,Armor Section,Experimental Auroran Tech,,0,2000,4000,11500,20000,850,130,1,0,0,0,0,0,1000,NONE,,,,,,,0,0,0,0,1,0,,75000,,1,840,0.25,0,0,"UNBOARDABLE, HIDE_IN_CODEX",module_hull_bar_only,,,,1,2,4,506
,,,,,,,,,,,,,,,,,,,,,,,,,,,,,,,,,,,,,,,,,,,,,,,,
Cherry Vanguard,uaf_cherry_core,XXL-Hyper Freighter,Advanced Auroran Tech,uaf_burnDrive,100,20000,2250,22500,31250,1800,325,2,35,10,5,8,5,8000,OMNI,,60,0.4,1.2,,,150,1000,35100,3700,25,60,6,85000000,12,25,1080,0.45,120,150,"SHIP_WITH_MODULES,HIDE_IN_CODEX, CIVILIAN, FREIGHTER","uaf_elite_bp, restricted, no_drop, no_drop_salvage, no_dealer, nex_buy_ship_mission_exclude",,,5,0.3,3,5,505
,uaf_cherry_center,Center Connector Section,Advanced Auroran Tech,,0,14500,2000,20000,15000,1600,200,,0,0,0,0,0,5000,FRONT,,5,0.1,1.2,,,0,0,0,0,1,0,,75000,,1,840,0.25,0,0,"UNBOARDABLE, HIDE_IN_CODEX",module_hull_bar_only,,,,1,2,4,506
,uaf_cherry_port_left,Port Cargo Section,Advanced Auroran Tech,,0,14500,2000,20000,15000,1600,200,,0,0,0,0,0,6500,FRONT,,90,0.1,1.2,,,0,0,0,0,1,0,,75000,,1,840,0.25,0,0,"UNBOARDABLE, HIDE_IN_CODEX",module_hull_bar_only,,,,1,2,4,506
,uaf_cherry_port_right,Starboard Cargo Section,Advanced Auroran Tech,,0,14500,2000,20000,15000,1600,200,,0,0,0,0,0,6500,FRONT,,90,0.1,1.2,,,0,0,0,0,1,0,,75000,,1,840,0.25,0,0,"UNBOARDABLE, HIDE_IN_CODEX",module_hull_bar_only,,,,1,2,4,506
,,,,,,,,,,,,,,,,,,,,,,,,,,,,,,,,,,,,,,,,,,,,,,,,
Shield Missile Deployed,uaf_shield_generator,Shield,Auroran Tech,,1,100,10,1000,1,5,0,,0,0,0,0,0,0,FRONT,,90,0.1,1,,,0,0,0,0,1,0,,0,,1,840,0.25,0,0,"UNDER_PARENT, UNBOARDABLE, HIDE_IN_CODEX",,,,,1,2,4,506
,,,,,,,,,,,,,,,,,,,,,,,,,,,,,,,,,,,,,,,,,,,,,,,,
#LYNX,,,,,,,,,,,,,,,,,,,,,,,,,,,,,,,,,,,,,,,,,,,,,,,,
Lynx,uaf_wing_lynx,Multi-Role Fighter,Nova Drive Yards R&D,uaf_melodyOvercharge,3,1500,150,1000,,250,55,1,230,400,400,200,200,100,OMNI,,180,0.5,0.7,,,1,2,5,15,0.2,25,15,150000,10,40,300,0.25,10,10,HIDE_IN_CODEX,"fake_fighter, restricted, no_drop, no_drop_salvage, no_dealer, nex_buy_ship_mission_exclude, no_auto_penalty",,,,0,,,110
,,,,,,,,,,,,,,,,,,,,,,,,,,,,,,,,,,,,,,,,,,,,,,,,
#FIGHTERS,,,,,,,,,,,,,,,,,,,,,,,,,,,,,,,,,,,,,,,,,,,,,,,,
Minime,uaf_wing_minime,Defense Drone,Auroran Tech,,,300,50,400,,100,0,,325,230,210,300,300,55,NONE,,0,0,0,,,0,0,,,,,,,,,,,,,,,,,,0,,,108
,,,,,,,,,,,,,,,,,,,,,,,,,,,,,,,,,,,,,,,,,,,,,,,,
#NEW,,,,,,,,,,,,,,,,,,,,,,,,,,,,,,,,,,,,,,,,,,,,,,,,
Taufan (NXP),uaf_ace_wing_taufan,Tactical Strike Fighter,Experimental Auroran Tech,uaf_royalJets,,800,350,1300,,100,0,,230,400,200,325,250,75,NONE,uaf_fighterflare,0,0,0,,,2,2,,,,,,,,,,,,,,,,,,0,,,108
Hyper Aria (YM),uaf_ace_wing_hyperaria,Superiority Fighter,Experimental Auroran Tech,uaf_royalJets,,850,120,700,,150,0,,300,200,200,400,275,55,NONE,uaf_fighterflare,0,0,0,,,2,2,,,,,,,,,,,,,,"restricted, no_drop, no_drop_salvage, no_dealer",,,,0,,,105
Nekonyan II MIX (FE),uaf_ace_wing_nekonyan_mix,Tactical Attacker,Experimental Auroran Tech,uaf_concord_sys,,750,110,250,,50,0,,230,400,200,325,225,75,NONE,uaf_fighterflare,0,0,0,,,2,2,,,,,,,,,,,,,,,,,,0,,,108
Super Forlorn II (HB),uaf_ace_wing_forlorn_hb,Heavy Fighter,Experimental Auroran Tech,uaf_fighterflare,,900,150,700,,100,0,,275,250,250,300,360,85,NONE,,0,0,0,,,1,1,,,,,,,,,,,,,,,,,,0,,,110
Freesia-EX (ASF),uaf_ace_wing_freesia_x,Tactical Attacker,Experimental Auroran Tech,uaf_concord_sys,,700,200,250,,50,0,,250,300,170,315,215,75,NONE,uaf_fighterflare,0,0,0,,,2,2,,,,,,,,,,,,,,,,,,0,,,108
,,,,,,,,,,,,,,,,,,,,,,,,,,,,,,,,,,,,,,,,,,,,,,,,
Menascar II/N (SP),uaf_wing_ai_menascar_ii,Nuclear Bomber,Advanced Auroran Tech,uaf_fighterflare,,850,225,850,,200,0,,305,205,150,100,100,200,NONE,,0,0,0,,,6,6,,,,,,,,,,,,,,,,,,0,,,109
,,,,,,,,,,,,,,,,,,,,,,,,,,,,,,,,,,,,,,,,,,,,,,,,
Petunia (SP),uaf_wing_ai_petunia,Heavy Bomber,Advanced Auroran Tech,uaf_fighterflare,,800,600,1200,,80,0,,120,100,60,50,100,150,FRONT,,120,0.6,1.5,,,8,8,,,,,,,,,,,,,,,,,,0,,,105
Veronica (SP),uaf_wing_ai_veronica,Heavy Attacker,Advanced Auroran Tech,uaf_fighterflare,,700,450,700,,140,0,,250,130,100,250,200,200,FRONT,,120,0.6,1.0,,,4,4,,,,,,,,,,,,,,,,,,0,,,107
Puterisaya (SP),uaf_wing_ai_puterisaya,Gunship,Advanced Auroran Tech,uaf_flarelauncher,,1050,150,2000,,140,0,,225,150,170,300,200,200,OMNI,,75,0.2,0.6,,,10,10,,,,,,,,,,,,,,,,,3,0,,,109
Puterakamu (SP),uaf_wing_ai_puterakamu,Spearhead Horizon Gunship,Advanced Auroran Tech,uaf_concord_sys,,1150,150,1000,,100,0,,215,150,120,200,100,200,OMNI,,75,0.2,0.7,,,10,10,,,,,,,,,,,,,,,,,3,0,,,109
,,,,,,,,,,,,,,,,,,,,,,,,,,,,,,,,,,,,,,,,,,,,,,,,
Alcea (SP),uaf_wing_ai_alcea,Medium Bomber,Advanced Auroran Tech,uaf_fighterflare,,500,250,600,,150,0,,130,100,100,60,100,125,NONE,,0,0,0,,,4,4,,,,,,,,,,,,,,,,,,0,,,105
Rosea (SP),uaf_wing_ai_rosea,Light Bomber,Advanced Auroran Tech,uaf_fighterflare,,300,150,400,,100,0,,160,150,150,80,120,100,NONE,,0,0,0,,,3,3,,,,,,,,,,,,,,,,,,0,,,105
Parang (SP),uaf_wing_ai_parang,Rocket Attacker,Advanced Auroran Tech,uaf_fighterflare,,500,80,1500,,300,0,,225,200,250,250,250,45,NONE,,0,0,0,,,1,1,,,,,,,,,,,,,,,,,,0,,,107
Exoscar II (SP),uaf_wing_ai_exoscar_ii,Torpedo Bomber,Advanced Auroran Tech,uaf_fighterflare,,500,100,500,,100,0,,300,210,210,100,80,65,NONE,,0,0,0,,,2,2,,,,,,,,,,,,,,,,,,0,,,109
Nekonyan (SP),uaf_wing_ai_nekonyan,Medium Fighter,Advanced Auroran Tech,uaf_fighterflare,,500,100,700,,250,0,,230,400,200,300,150,75,NONE,,0,0,0,,,2,2,,,,,,,,,,,,,,,,,,0,,,108
Revere (SP),uaf_wing_ai_revere,Gunfighter,Advanced Auroran Tech,,,450,80,400,,100,0,,250,180,150,380,250,85,NONE,,0,0,0,,,1,1,,,,,,,,,,,,,,,,,,0,,,109
Naga (SP),uaf_wing_ai_naga,Advanced Fighter,Advanced Auroran Tech,uaf_fighterflare,,750,100,800,,120,0,,250,230,200,250,300,100,FRONT,,35,0.6,2,,,2,2,,,,,,,,,,,,,,,,,,0,,,105
,,,,,,,,,,,,,,,,,,,,,,,,,,,,,,,,,,,,,,,,,,,,,,,,
Hyacinth II/N (M),uaf_wing_m_hyacinth_ii,Nuclear Bomber,Advanced Auroran Tech,uaf_fighterflare,,1100,650,1200,,200,0,,110,100,60,50,100,150,FRONT,,120,0.6,1.5,,,8,8,,,,,,,,,,,,,,,,,,0,,,105
Pengawas (M),uaf_wing_m_pengawas,Guardian Gunship,Advanced Auroran Tech,uaf_fighterflare,,750,230,1500,,500,0,,235,150,150,150,100,200,NONE,,0,0,0,,,6,6,,,,,,,,,,,,,,,,,,0,,,109
Neoscar (M),uaf_wing_m_neoscar,Gunship,Auroran Tech,uaf_fighterflare,,830,600,1300,,650,0,,230,300,170,150,100,200,NONE,,0,0,0,,,12,12,,,,,,,,,,,,,,,,,,0,,,109
Menascar I (M),uaf_wing_m_menascar,Torpedo Gunship,Auroran Tech,uaf_fighterflare,,850,400,850,,200,0,,305,205,150,100,100,200,NONE,,0,0,0,,,6,6,,,,,,,,,,,,,,,,,,0,,,109
Hyacinth (M),uaf_wing_m_hyacinth,Heavy Bomber,Auroran Tech,uaf_fighterflare,,1100,650,1200,,200,0,,110,100,60,50,100,150,FRONT,,120,0.6,1.5,,,8,8,,,,,,,,,,,,,,,,,,0,,,105
Noversky (M),uaf_wing_m_noversky,Heavy Attacker,Auroran Tech,uaf_fighterflare,,500,500,1500,,250,0,,200,130,100,250,200,200,NONE,,0,0,0,,,4,4,,,,,,,,,,,,,,,,,,0,,,107
Sakurai (M),uaf_wing_m_sakurai,Medium Bomber,Auroran Tech,uaf_fighterflare,,400,300,600,,150,0,,130,100,100,60,100,125,NONE,,0,0,0,,,4,4,,,,,,,,,,,,,,,,,,0,,,105
Hibiscus (M),uaf_wing_m_hibiscus,Light Bomber,Auroran Tech,uaf_fighterflare,,250,200,400,,100,0,,160,150,150,80,120,100,NONE,,0,0,0,,,3,3,,,,,,,,,,,,,,,,,,0,,,105
Exoscar (M),uaf_wing_m_exoscar,Torpedo Bomber,Auroran Tech,uaf_fighterflare,,450,125,500,,100,0,,300,210,210,100,80,65,NONE,,0,0,0,,,2,2,,,,,,,,,,,,,,,,,,0,,,109
Keris (M),uaf_wing_m_keris,Rocket Attacker,Auroran Tech,uaf_fighterflare,,440,105,1500,,300,0,,215,200,250,250,250,45,NONE,,0,0,0,,,1,1,,,,,,,,,,,,,,,,,,0,,,107
Super Aria (M),uaf_wing_m_superaria,Medium Fighter,Auroran Tech,uaf_fighterflare,,600,90,700,,150,0,,240,200,200,250,275,30,NONE,,0,0,0,,,1,1,,,,,,,,,,,,,,,,,,0,,,105
Aria (M),uaf_wing_m_aria,Light Gunfighter,Auroran Tech,,,490,100,400,,100,0,,200,200,150,380,250,30,NONE,,0,0,0,,,1,1,,,,,,,,,,,,,,,,,,0,,,105
Forlorn (M),uaf_wing_m_forlorn,Heavy Fighter,Auroran Tech,uaf_fighterflare,,750,250,200,,200,0,,275,250,250,300,360,85,NONE,,0,0,0,,,1,1,,,,,,,,,,,,,,,,,,0,,,110
,,,,,,,,,,,,,,,,,,,,,,,,,,,,,,,,,,,,,,,,,,,,,,,,
Rafflesya (M),uaf_wing_m_rafflesya,Strategic Bomber,Experimental Auroran Tech,uaf_mini_drone_pd,,2350,1150,1200,,350,0,,100,80,120,90,90,1000,NONE,uaf_flarelauncher,0,0,0,,,60,60,,,,,,,,,,,,,"UNBOARDABLE, HIDE_IN_CODEX","restricted, no_drop, no_drop_salvage, no_dealer",,,,,,,
Rafflesya II (M),uaf_wing_m_rafflesya_ii,Strategic Bomber,Experimental Auroran Tech,uaf_concord_sys,,2350,1150,1200,,350,0,,100,80,120,90,90,1000,NONE,uaf_flarelauncher,0,0,0,,,60,60,,,,,,,,,,,,,"UNBOARDABLE, HIDE_IN_CODEX","restricted, no_drop, no_drop_salvage, no_dealer",,,,,,,
,,,,,,,,,,,,,,,,,,,,,,,,,,,,,,,,,,,,,,,,,,,,,,,,
Ribut,uaf_drone_ribut,Drone,Auroran Tech,uaf_rangeFinder,,450,80,600,,200,20,,300,350,150,230,400,85,NONE,,0,0,0,,,0,0,,,,,,,,,,,,,,,,,,0,,,109
Sokhuri,uaf_drone_sokhuri,Drone,Auroran Tech,ammofeed,,1000,200,800,,300,20,,250,300,150,300,400,85,NONE,,0,0,0,,,0,0,,,,,,,,,,,,,,,,,,0,,,109
,,,,,,,,,,,,,,,,,,,,,,,,,,,,,,,,,,,,,,,,,,,,,,,,
#REMOVED,,,,,,,,,,,,,,,,,,,,,,,,,,,,,,,,,,,,,,,,,,,,,,,,
#Pengawas (GS),uaf_wing_pengawas,Air Defense Gunship,Advanced Auroran Tech,ammofeed,,650,230,1500,,500,0,,245,150,150,150,100,200,NONE,,0,0,0,,,6,6,,,,,,,,,,,,,,,,,,0,,,109
#Neoscar (GS),uaf_wing_neoscar,Anti Ship Gunship,Advanced Auroran Tech,uaf_fighterflare,,730,350,2000,,700,0,,275,300,170,150,100,200,NONE,,0,0,0,,,10,10,,,,,,,,,,,,,,,,,,0,,,109
#Puterisaya (AGS),uaf_wing_puterisaya,Hunter Killer Gunship,Advanced Auroran Tech,uaf_flarelauncher,,950,150,2000,,450,0,,225,150,170,250,100,200,OMNI,,75,0.2,0.6,,,10,10,,,,,,,,,,,,,,,,,3,0,,,109
#Puterakamu (SPHGS),uaf_wing_puterakamu,Spearhead Horizon Gunship,Advanced Auroran Tech,uaf_concord_sys,,1050,150,2000,,450,0,,215,150,120,200,100,200,OMNI,,75,0.2,0.7,,,10,10,,,,,,,,,,,,,,,,,3,0,,,109
#Revere,uaf_wing_revere,Horizon Interceptor,Auroran Tech,,,450,80,200,,200,0,,250,180,150,200,150,85,NONE,,0,0,0,,,1,1,,,,,,,,,,,,,,,,,,0,,,109
#Taufan (NX),uaf_wing_taufan,Tactical Strike Fighter,Advanced Auroran Tech,uaf_fighterflare,,800,350,1300,,250,0,,230,400,200,300,150,75,FRONT,,35,0,1.5,,,2,2,,,,,,,,,,,,,,,,,,0,,,108
#Rafflesya (SvHB),uaf_wing_rafflesya,Strategic Bomber,Experimental Auroran Tech,uaf_mini_drone_pd,,2250,1150,1200,,350,0,,110,60,100,65,100,800,NONE,uaf_flarelauncher,0,0,0,,,40,40,,,,,,,,,,,,,"UNBOARDABLE, HIDE_IN_CODEX","restricted, no_drop, no_drop_salvage, no_dealer",,,,,,,
